{
    "asset": {
        "format": "jpg",
        "id": "04a3cd4b774296b9a22cef12c5085116",
        "name": "086989636_thumb.jpg",
        "path": "file:C:/Users/mdhsi/OneDrive/Documents/CE%20258%20-%20Deep%20Learning/pedestrian-behavior-analysis/human-pose-dataset/086989636_thumb.jpg",
        "size": {
            "width": 150,
            "height": 100
        },
        "state": 2,
        "type": 1
    },
    "regions": [
        {
            "id": "6Idk0pBOw",
            "type": "RECTANGLE",
            "tags": [
                "walking"
            ],
            "boundingBox": {
                "height": 80.46826769816457,
                "width": 30.517879161528978,
                "left": 30.702836004932184,
                "top": 19.531732301835437
            },
            "points": [
                {
                    "x": 30.702836004932184,
                    "y": 19.531732301835437
                },
                {
                    "x": 61.22071516646116,
                    "y": 19.531732301835437
                },
                {
                    "x": 61.22071516646116,
                    "y": 100
                },
                {
                    "x": 30.702836004932184,
                    "y": 100
                }
            ]
        },
        {
            "id": "xNbEYzMX0",
            "type": "RECTANGLE",
            "tags": [
                "walking"
            ],
            "boundingBox": {
                "height": 85.15095596172453,
                "width": 33.415528848932645,
                "left": 68.49569186623381,
                "top": 14.849044038275474
            },
            "points": [
                {
                    "x": 68.49569186623381,
                    "y": 14.849044038275474
                },
                {
                    "x": 101.91122071516646,
                    "y": 14.849044038275474
                },
                {
                    "x": 101.91122071516646,
                    "y": 100
                },
                {
                    "x": 68.49569186623381,
                    "y": 100
                }
            ]
        },
        {
            "id": "XqQbabfKJ",
            "type": "RECTANGLE",
            "tags": [
                "walking"
            ],
            "boundingBox": {
                "height": 79.23598368815706,
                "width": 34.89518359615829,
                "left": 98.45870049755318,
                "top": 20.76401631184294
            },
            "points": [
                {
                    "x": 98.45870049755318,
                    "y": 20.76401631184294
                },
                {
                    "x": 133.35388409371146,
                    "y": 20.76401631184294
                },
                {
                    "x": 133.35388409371146,
                    "y": 100
                },
                {
                    "x": 98.45870049755318,
                    "y": 100
                }
            ]
        }
    ],
    "version": "2.2.0"
}