{
    "asset": {
        "format": "jpg",
        "id": "09473a5f61f294791cdf98898bc8928b",
        "name": "088523888_thumb.jpg",
        "path": "file:C:/Users/mdhsi/OneDrive/Documents/CE%20258%20-%20Deep%20Learning/pedestrian-behavior-analysis/human-pose-dataset/088523888_thumb.jpg",
        "size": {
            "width": 150,
            "height": 100
        },
        "state": 2,
        "type": 1
    },
    "regions": [
        {
            "id": "2LGF6T6Q6",
            "type": "RECTANGLE",
            "tags": [
                "standing"
            ],
            "boundingBox": {
                "height": 75.16944025007943,
                "width": 30.209613992900355,
                "left": 35.81997910204416,
                "top": 24.830559749920578
            },
            "points": [
                {
                    "x": 35.81997910204416,
                    "y": 24.830559749920578
                },
                {
                    "x": 66.02959309494452,
                    "y": 24.830559749920578
                },
                {
                    "x": 66.02959309494452,
                    "y": 100
                },
                {
                    "x": 35.81997910204416,
                    "y": 100
                }
            ]
        },
        {
            "id": "-49V3eQu3",
            "type": "RECTANGLE",
            "tags": [
                "walking"
            ],
            "boundingBox": {
                "height": 60.505244736310075,
                "width": 27.373612823674478,
                "left": 99.93835524477882,
                "top": 27.418360119606344
            },
            "points": [
                {
                    "x": 99.93835524477882,
                    "y": 27.418360119606344
                },
                {
                    "x": 127.3119680684533,
                    "y": 27.418360119606344
                },
                {
                    "x": 127.3119680684533,
                    "y": 87.92360485591642
                },
                {
                    "x": 99.93835524477882,
                    "y": 87.92360485591642
                }
            ]
        }
    ],
    "version": "2.2.0"
}