{
    "asset": {
        "format": "jpg",
        "id": "098265f60e70d0ca167e0a7536c99191",
        "name": "039515530_thumb.jpg",
        "path": "file:C:/Users/mdhsi/OneDrive/Documents/CE%20258%20-%20Deep%20Learning/pedestrian-behavior-analysis/human-pose-dataset/039515530_thumb.jpg",
        "size": {
            "width": 150,
            "height": 100
        },
        "state": 2,
        "type": 1
    },
    "regions": [
        {
            "id": "zkxlCvV7I",
            "type": "RECTANGLE",
            "tags": [
                "running"
            ],
            "boundingBox": {
                "height": 79.85213133411796,
                "width": 50.678175092478426,
                "left": 32.490755920786455,
                "top": 16.574246165051697
            },
            "points": [
                {
                    "x": 32.490755920786455,
                    "y": 16.574246165051697
                },
                {
                    "x": 83.16893101326488,
                    "y": 16.574246165051697
                },
                {
                    "x": 83.16893101326488,
                    "y": 96.42637749916966
                },
                {
                    "x": 32.490755920786455,
                    "y": 96.42637749916966
                }
            ]
        }
    ],
    "version": "2.2.0"
}