{
    "asset": {
        "format": "jpg",
        "id": "10b05733a1987c4ab3b72b1e146d75d2",
        "name": "072597991_thumb.jpg",
        "path": "file:C:/Users/mdhsi/OneDrive/Documents/CE%20258%20-%20Deep%20Learning/pedestrian-behavior-analysis/human-pose-dataset/072597991_thumb.jpg",
        "size": {
            "width": 150,
            "height": 100
        },
        "state": 2,
        "type": 1
    },
    "regions": [
        {
            "id": "scp-eRYB7",
            "type": "RECTANGLE",
            "tags": [
                "standing"
            ],
            "boundingBox": {
                "height": 83.54898336414048,
                "width": 38.47102342786683,
                "left": 58.38471399723528,
                "top": 16.45101663585952
            },
            "points": [
                {
                    "x": 58.38471399723528,
                    "y": 16.45101663585952
                },
                {
                    "x": 96.85573742510212,
                    "y": 16.45101663585952
                },
                {
                    "x": 96.85573742510212,
                    "y": 100
                },
                {
                    "x": 58.38471399723528,
                    "y": 100
                }
            ]
        }
    ],
    "version": "2.2.0"
}