{
    "asset": {
        "format": "jpg",
        "id": "1649a7eecd7b75f65ba4af4524459e2b",
        "name": "080093872_thumb.jpg",
        "path": "file:C:/Users/mdhsi/OneDrive/Documents/CE%20258%20-%20Deep%20Learning/pedestrian-behavior-analysis/human-pose-dataset/080093872_thumb.jpg",
        "size": {
            "width": 150,
            "height": 100
        },
        "state": 2,
        "type": 1
    },
    "regions": [
        {
            "id": "fhULAjF2i",
            "type": "RECTANGLE",
            "tags": [
                "running"
            ],
            "boundingBox": {
                "height": 65.5576103055323,
                "width": 49.56843967649411,
                "left": 47.040692387027015,
                "top": 34.442389694467714
            },
            "points": [
                {
                    "x": 47.040692387027015,
                    "y": 34.442389694467714
                },
                {
                    "x": 96.60913206352112,
                    "y": 34.442389694467714
                },
                {
                    "x": 96.60913206352112,
                    "y": 100
                },
                {
                    "x": 47.040692387027015,
                    "y": 100
                }
            ]
        }
    ],
    "version": "2.2.0"
}