{
    "asset": {
        "format": "jpg",
        "id": "202396067bc39e3ae8c196578fc9d24b",
        "name": "068888530_thumb.jpg",
        "path": "file:C:/Users/mdhsi/OneDrive/Documents/CE%20258%20-%20Deep%20Learning/pedestrian-behavior-analysis/human-pose-dataset/068888530_thumb.jpg",
        "size": {
            "width": 150,
            "height": 100
        },
        "state": 2,
        "type": 1
    },
    "regions": [
        {
            "id": "2jC5r2RWY",
            "type": "RECTANGLE",
            "tags": [
                "walking"
            ],
            "boundingBox": {
                "height": 76.40172426008694,
                "width": 30.456230643351187,
                "left": 91.18372379778052,
                "top": 19.038817005545287
            },
            "points": [
                {
                    "x": 91.18372379778052,
                    "y": 19.038817005545287
                },
                {
                    "x": 121.6399544411317,
                    "y": 19.038817005545287
                },
                {
                    "x": 121.6399544411317,
                    "y": 95.44054126563222
                },
                {
                    "x": 91.18372379778052,
                    "y": 95.44054126563222
                }
            ]
        },
        {
            "id": "wZOXhL2xk",
            "type": "RECTANGLE",
            "tags": [
                "walking"
            ],
            "boundingBox": {
                "height": 78.61983886267474,
                "width": 29.099878576916037,
                "left": 17.940813810110974,
                "top": 13.493530499075787
            },
            "points": [
                {
                    "x": 17.940813810110974,
                    "y": 13.493530499075787
                },
                {
                    "x": 47.040692387027015,
                    "y": 13.493530499075787
                },
                {
                    "x": 47.040692387027015,
                    "y": 92.11336936175053
                },
                {
                    "x": 17.940813810110974,
                    "y": 92.11336936175053
                }
            ]
        },
        {
            "id": "zYGU9Ph0e",
            "type": "RECTANGLE",
            "tags": [
                "walking"
            ],
            "boundingBox": {
                "height": 73.44423812330321,
                "width": 30.57952767970677,
                "left": 46.5474760194301,
                "top": 17.56007393715342
            },
            "points": [
                {
                    "x": 46.5474760194301,
                    "y": 17.56007393715342
                },
                {
                    "x": 77.12700369913686,
                    "y": 17.56007393715342
                },
                {
                    "x": 77.12700369913686,
                    "y": 91.00431206045664
                },
                {
                    "x": 46.5474760194301,
                    "y": 91.00431206045664
                }
            ]
        },
        {
            "id": "1JG3xPeAI",
            "type": "RECTANGLE",
            "tags": [
                "walking"
            ],
            "boundingBox": {
                "height": 70.24029856909225,
                "width": 21.70161048522272,
                "left": 68.24907521578298,
                "top": 18.299445471349355
            },
            "points": [
                {
                    "x": 68.24907521578298,
                    "y": 18.299445471349355
                },
                {
                    "x": 89.95068570100571,
                    "y": 18.299445471349355
                },
                {
                    "x": 89.95068570100571,
                    "y": 88.5397440404416
                },
                {
                    "x": 68.24907521578298,
                    "y": 88.5397440404416
                }
            ]
        }
    ],
    "version": "2.2.0"
}