{
    "asset": {
        "format": "jpg",
        "id": "21dbdcc2168a3aaa511659ff8b889015",
        "name": "038842722_thumb.jpg",
        "path": "file:C:/Users/mdhsi/OneDrive/Documents/CE%20258%20-%20Deep%20Learning/pedestrian-behavior-analysis/human-pose-dataset/038842722_thumb.jpg",
        "size": {
            "width": 150,
            "height": 100
        },
        "state": 2,
        "type": 1
    },
    "regions": [
        {
            "id": "QbPNCy3EZ",
            "type": "RECTANGLE",
            "tags": [
                "sitting"
            ],
            "boundingBox": {
                "height": 35.24337458302045,
                "width": 20.468549810708232,
                "left": 73.67448348152358,
                "top": 33.2101056844602
            },
            "points": [
                {
                    "x": 73.67448348152358,
                    "y": 33.2101056844602
                },
                {
                    "x": 94.14303329223182,
                    "y": 33.2101056844602
                },
                {
                    "x": 94.14303329223182,
                    "y": 68.45348026748066
                },
                {
                    "x": 73.67448348152358,
                    "y": 68.45348026748066
                }
            ]
        },
        {
            "id": "gto2nCEkr",
            "type": "RECTANGLE",
            "tags": [
                "sitting"
            ],
            "boundingBox": {
                "height": 35.24337458302045,
                "width": 19.728733725965245,
                "left": 52.09618132152628,
                "top": 34.319162985754105
            },
            "points": [
                {
                    "x": 52.09618132152628,
                    "y": 34.319162985754105
                },
                {
                    "x": 71.82491504749153,
                    "y": 34.319162985754105
                },
                {
                    "x": 71.82491504749153,
                    "y": 69.56253756877456
                },
                {
                    "x": 52.09618132152628,
                    "y": 69.56253756877456
                }
            ]
        },
        {
            "id": "U8NiQFn6v",
            "type": "RECTANGLE",
            "tags": [
                "sitting"
            ],
            "boundingBox": {
                "height": 56.56192236598891,
                "width": 58.44636815984799,
                "left": 0.8014815362255318,
                "top": 43.438077634011094
            },
            "points": [
                {
                    "x": 0.8014815362255318,
                    "y": 43.438077634011094
                },
                {
                    "x": 59.24784969607352,
                    "y": 43.438077634011094
                },
                {
                    "x": 59.24784969607352,
                    "y": 100
                },
                {
                    "x": 0.8014815362255318,
                    "y": 100
                }
            ]
        }
    ],
    "version": "2.2.0"
}