{
    "asset": {
        "format": "jpg",
        "id": "277eac0bc8c84cabc52d5c6c398d7067",
        "name": "046904075_thumb.jpg",
        "path": "file:C:/Users/mdhsi/OneDrive/Documents/CE%20258%20-%20Deep%20Learning/pedestrian-behavior-analysis/human-pose-dataset/046904075_thumb.jpg",
        "size": {
            "width": 150,
            "height": 100
        },
        "state": 2,
        "type": 1
    },
    "regions": [
        {
            "id": "wCdvDmR6O",
            "type": "RECTANGLE",
            "tags": [
                "standing"
            ],
            "boundingBox": {
                "height": 63.21626617375232,
                "width": 24.660914335239095,
                "left": 39.27250496409236,
                "top": 22.612445147332775
            },
            "points": [
                {
                    "x": 39.27250496409236,
                    "y": 22.612445147332775
                },
                {
                    "x": 63.93341929933146,
                    "y": 22.612445147332775
                },
                {
                    "x": 63.93341929933146,
                    "y": 85.8287113210851
                },
                {
                    "x": 39.27250496409236,
                    "y": 85.8287113210851
                }
            ]
        }
    ],
    "version": "2.2.0"
}