{
    "asset": {
        "format": "jpg",
        "id": "29e397d29ead0410270cde5c7a6d42c2",
        "name": "008670657_thumb.jpg",
        "path": "file:C:/Users/mdhsi/OneDrive/Documents/CE%20258%20-%20Deep%20Learning/pedestrian-behavior-analysis/human-pose-dataset/008670657_thumb.jpg",
        "size": {
            "width": 150,
            "height": 100
        },
        "state": 2,
        "type": 1
    },
    "regions": [
        {
            "id": "n5JifRM5E",
            "type": "RECTANGLE",
            "tags": [
                "standing"
            ],
            "boundingBox": {
                "height": 54.95995258888344,
                "width": 17.262646243545777,
                "left": 76.01726263871764,
                "top": 36.16759182124394
            },
            "points": [
                {
                    "x": 76.01726263871764,
                    "y": 36.16759182124394
                },
                {
                    "x": 93.27990888226341,
                    "y": 36.16759182124394
                },
                {
                    "x": 93.27990888226341,
                    "y": 91.12754441012737
                },
                {
                    "x": 76.01726263871764,
                    "y": 91.12754441012737
                }
            ]
        },
        {
            "id": "Xs1l2hqhE",
            "type": "RECTANGLE",
            "tags": [
                "standing"
            ],
            "boundingBox": {
                "height": 50.77018244209219,
                "width": 22.81134025677212,
                "left": 47.65721707984934,
                "top": 37.39987583125144
            },
            "points": [
                {
                    "x": 47.65721707984934,
                    "y": 37.39987583125144
                },
                {
                    "x": 70.46855733662146,
                    "y": 37.39987583125144
                },
                {
                    "x": 70.46855733662146,
                    "y": 88.17005827334364
                },
                {
                    "x": 47.65721707984934,
                    "y": 88.17005827334364
                }
            ]
        },
        {
            "id": "_q1HtZnjl",
            "type": "RECTANGLE",
            "tags": [
                "standing"
            ],
            "boundingBox": {
                "height": 47.56623442644553,
                "width": 22.68804322041654,
                "left": 59.00123304562269,
                "top": 39.001848428835494
            },
            "points": [
                {
                    "x": 59.00123304562269,
                    "y": 39.001848428835494
                },
                {
                    "x": 81.68927626603923,
                    "y": 39.001848428835494
                },
                {
                    "x": 81.68927626603923,
                    "y": 86.56808285528102
                },
                {
                    "x": 59.00123304562269,
                    "y": 86.56808285528102
                }
            ]
        }
    ],
    "version": "2.2.0"
}