{
    "asset": {
        "format": "jpg",
        "id": "2ee1bede3f387984ba8cac274d6b1898",
        "name": "010986311_thumb.jpg",
        "path": "file:C:/Users/mdhsi/OneDrive/Documents/CE%20258%20-%20Deep%20Learning/pedestrian-behavior-analysis/human-pose-dataset/010986311_thumb.jpg",
        "size": {
            "width": 150,
            "height": 100
        },
        "state": 2,
        "type": 1
    },
    "regions": [
        {
            "id": "HtdbAYatr",
            "type": "RECTANGLE",
            "tags": [
                "running"
            ],
            "boundingBox": {
                "height": 31.66974926171153,
                "width": 13.563498086611823,
                "left": 84.40198039890953,
                "top": 31.484903557683978
            },
            "points": [
                {
                    "x": 84.40198039890953,
                    "y": 31.484903557683978
                },
                {
                    "x": 97.96547848552134,
                    "y": 31.484903557683978
                },
                {
                    "x": 97.96547848552134,
                    "y": 63.15465281939551
                },
                {
                    "x": 84.40198039890953,
                    "y": 63.15465281939551
                }
            ]
        }
    ],
    "version": "2.2.0"
}