{
    "asset": {
        "format": "jpg",
        "id": "2f1120231b6c22224e1889ad15069031",
        "name": "059034769_thumb.jpg",
        "path": "file:C:/Users/mdhsi/OneDrive/Documents/CE%20258%20-%20Deep%20Learning/pedestrian-behavior-analysis/human-pose-dataset/059034769_thumb.jpg",
        "size": {
            "width": 150,
            "height": 100
        },
        "state": 2,
        "type": 1
    },
    "regions": [
        {
            "id": "qU1a7xuFN",
            "type": "RECTANGLE",
            "tags": [
                "walking"
            ],
            "boundingBox": {
                "height": 28.712268765884936,
                "width": 15.536374845869297,
                "left": 45.43773495901087,
                "top": 50.70856344677825
            },
            "points": [
                {
                    "x": 45.43773495901087,
                    "y": 50.70856344677825
                },
                {
                    "x": 60.974109804880165,
                    "y": 50.70856344677825
                },
                {
                    "x": 60.974109804880165,
                    "y": 79.42083221266319
                },
                {
                    "x": 45.43773495901087,
                    "y": 79.42083221266319
                }
            ]
        },
        {
            "id": "5NEbI-q54",
            "type": "RECTANGLE",
            "tags": [
                "walking"
            ],
            "boundingBox": {
                "height": 15.403569868443855,
                "width": 14.05672009864365,
                "left": 57.52157829839704,
                "top": 54.89833923452663
            },
            "points": [
                {
                    "x": 57.52157829839704,
                    "y": 54.89833923452663
                },
                {
                    "x": 71.5782983970407,
                    "y": 54.89833923452663
                },
                {
                    "x": 71.5782983970407,
                    "y": 70.30190910297048
                },
                {
                    "x": 57.52157829839704,
                    "y": 70.30190910297048
                }
            ]
        },
        {
            "id": "Kotyb25dz",
            "type": "RECTANGLE",
            "tags": [
                "walking"
            ],
            "boundingBox": {
                "height": 59.88909144939204,
                "width": 36.128235804020406,
                "left": 5.487053961700929,
                "top": 40.11090855060796
            },
            "points": [
                {
                    "x": 5.487053961700929,
                    "y": 40.11090855060796
                },
                {
                    "x": 41.615289765721336,
                    "y": 40.11090855060796
                },
                {
                    "x": 41.615289765721336,
                    "y": 100
                },
                {
                    "x": 5.487053961700929,
                    "y": 100
                }
            ]
        },
        {
            "id": "7u4dAWGBK",
            "type": "RECTANGLE",
            "tags": [
                "walking"
            ],
            "boundingBox": {
                "height": 29.944547134935306,
                "width": 11.713929652579763,
                "left": 35.63502225864095,
                "top": 51.01663867999799
            },
            "points": [
                {
                    "x": 35.63502225864095,
                    "y": 51.01663867999799
                },
                {
                    "x": 47.348951911220716,
                    "y": 51.01663867999799
                },
                {
                    "x": 47.348951911220716,
                    "y": 80.9611858149333
                },
                {
                    "x": 35.63502225864095,
                    "y": 80.9611858149333
                }
            ]
        }
    ],
    "version": "2.2.0"
}