{
    "asset": {
        "format": "jpg",
        "id": "3100fd59ec4efeb4af0f0193b09e4580",
        "name": "050585269_thumb.jpg",
        "path": "file:C:/Users/mdhsi/OneDrive/Documents/CE%20258%20-%20Deep%20Learning/pedestrian-behavior-analysis/human-pose-dataset/050585269_thumb.jpg",
        "size": {
            "width": 150,
            "height": 100
        },
        "state": 2,
        "type": 1
    },
    "regions": [
        {
            "id": "jF7VQM5R7",
            "type": "RECTANGLE",
            "tags": [
                "standing"
            ],
            "boundingBox": {
                "height": 95.00924214417745,
                "width": 56.350183075365095,
                "left": 19.297165876546124,
                "top": 4.990757855822551
            },
            "points": [
                {
                    "x": 19.297165876546124,
                    "y": 4.990757855822551
                },
                {
                    "x": 75.64734895191123,
                    "y": 4.990757855822551
                },
                {
                    "x": 75.64734895191123,
                    "y": 100
                },
                {
                    "x": 19.297165876546124,
                    "y": 100
                }
            ]
        }
    ],
    "version": "2.2.0"
}