{
    "asset": {
        "format": "jpg",
        "id": "369e6d43b0328cff9ad24e607769c921",
        "name": "048452299_thumb.jpg",
        "path": "file:C:/Users/mdhsi/OneDrive/Documents/CE%20258%20-%20Deep%20Learning/pedestrian-behavior-analysis/human-pose-dataset/048452299_thumb.jpg",
        "size": {
            "width": 150,
            "height": 100
        },
        "state": 2,
        "type": 1
    },
    "regions": [
        {
            "id": "KgjtTWOPR",
            "type": "RECTANGLE",
            "tags": [
                "sitting"
            ],
            "boundingBox": {
                "height": 62.72335087746217,
                "width": 41.30702459709271,
                "left": 93.15660055703799,
                "top": 37.27664912253783
            },
            "points": [
                {
                    "x": 93.15660055703799,
                    "y": 37.27664912253783
                },
                {
                    "x": 134.4636251541307,
                    "y": 37.27664912253783
                },
                {
                    "x": 134.4636251541307,
                    "y": 100
                },
                {
                    "x": 93.15660055703799,
                    "y": 100
                }
            ]
        }
    ],
    "version": "2.2.0"
}