{
    "asset": {
        "format": "jpg",
        "id": "37676d90ae753cd43e2c9b93ba7a4fb3",
        "name": "087332292_thumb.jpg",
        "path": "file:C:/Users/mdhsi/OneDrive/Documents/CE%20258%20-%20Deep%20Learning/pedestrian-behavior-analysis/human-pose-dataset/087332292_thumb.jpg",
        "size": {
            "width": 150,
            "height": 100
        },
        "state": 2,
        "type": 1
    },
    "regions": [
        {
            "id": "XbFDYXKAW",
            "type": "RECTANGLE",
            "tags": [
                "walking"
            ],
            "boundingBox": {
                "height": 96.11829944547135,
                "width": 68.92725407121802,
                "left": 58.38471399723528,
                "top": 3.881700554528651
            },
            "points": [
                {
                    "x": 58.38471399723528,
                    "y": 3.881700554528651
                },
                {
                    "x": 127.3119680684533,
                    "y": 3.881700554528651
                },
                {
                    "x": 127.3119680684533,
                    "y": 100
                },
                {
                    "x": 58.38471399723528,
                    "y": 100
                }
            ]
        }
    ],
    "version": "2.2.0"
}