{
    "asset": {
        "format": "jpg",
        "id": "40b437749edc4b95834b565814fd149d",
        "name": "027556678_thumb.jpg",
        "path": "file:C:/Users/mdhsi/OneDrive/Documents/CE%20258%20-%20Deep%20Learning/pedestrian-behavior-analysis/human-pose-dataset/027556678_thumb.jpg",
        "size": {
            "width": 150,
            "height": 100
        },
        "state": 2,
        "type": 1
    },
    "regions": [
        {
            "id": "oIriAboPk",
            "type": "RECTANGLE",
            "tags": [
                "standing"
            ],
            "boundingBox": {
                "height": 77.51078156138085,
                "width": 30.147965474722564,
                "left": 75.64734895191123,
                "top": 17.313617699247636
            },
            "points": [
                {
                    "x": 75.64734895191123,
                    "y": 17.313617699247636
                },
                {
                    "x": 105.7953144266338,
                    "y": 17.313617699247636
                },
                {
                    "x": 105.7953144266338,
                    "y": 94.8243992606285
                },
                {
                    "x": 75.64734895191123,
                    "y": 94.8243992606285
                }
            ]
        }
    ],
    "version": "2.2.0"
}