{
    "asset": {
        "format": "jpg",
        "id": "43a4ac5673b2ab1fb1eabf91070b51c5",
        "name": "021351137_thumb.jpg",
        "path": "file:C:/Users/mdhsi/OneDrive/Documents/CE%20258%20-%20Deep%20Learning/pedestrian-behavior-analysis/human-pose-dataset/021351137_thumb.jpg",
        "size": {
            "width": 150,
            "height": 100
        },
        "state": 2,
        "type": 1
    },
    "regions": [
        {
            "id": "zfMQwfl-t",
            "type": "RECTANGLE",
            "tags": [
                "walking"
            ],
            "boundingBox": {
                "height": 77.63401109057301,
                "width": 27.743526510480887,
                "left": 81.44267090445823,
                "top": 14.479358271177508
            },
            "points": [
                {
                    "x": 81.44267090445823,
                    "y": 14.479358271177508
                },
                {
                    "x": 109.18619741493912,
                    "y": 14.479358271177508
                },
                {
                    "x": 109.18619741493912,
                    "y": 92.11336936175053
                },
                {
                    "x": 81.44267090445823,
                    "y": 92.11336936175053
                }
            ]
        },
        {
            "id": "81f29egSY",
            "type": "RECTANGLE",
            "tags": [
                "walking"
            ],
            "boundingBox": {
                "height": 81.57732499945847,
                "width": 32.42909611373883,
                "left": 34.710238041624926,
                "top": 12.754158964879853
            },
            "points": [
                {
                    "x": 34.710238041624926,
                    "y": 12.754158964879853
                },
                {
                    "x": 67.13933415536376,
                    "y": 12.754158964879853
                },
                {
                    "x": 67.13933415536376,
                    "y": 94.33148396433832
                },
                {
                    "x": 34.710238041624926,
                    "y": 94.33148396433832
                }
            ]
        },
        {
            "id": "t7BHUsCQW",
            "type": "RECTANGLE",
            "tags": [
                "walking"
            ],
            "boundingBox": {
                "height": 85.39741219963032,
                "width": 27.928483353884094,
                "left": 51.60295930949445,
                "top": 9.426987060998153
            },
            "points": [
                {
                    "x": 51.60295930949445,
                    "y": 9.426987060998153
                },
                {
                    "x": 79.53144266337854,
                    "y": 9.426987060998153
                },
                {
                    "x": 79.53144266337854,
                    "y": 94.82439926062847
                },
                {
                    "x": 51.60295930949445,
                    "y": 94.82439926062847
                }
            ]
        }
    ],
    "version": "2.2.0"
}