{
    "asset": {
        "format": "jpg",
        "id": "45978b8205fe606e15da5583a9d5f649",
        "name": "088368397_thumb.jpg",
        "path": "file:C:/Users/mdhsi/OneDrive/Documents/CE%20258%20-%20Deep%20Learning/pedestrian-behavior-analysis/human-pose-dataset/088368397_thumb.jpg",
        "size": {
            "width": 150,
            "height": 100
        },
        "state": 2,
        "type": 1
    },
    "regions": [
        {
            "id": "Y8XzIuP97",
            "type": "RECTANGLE",
            "tags": [
                "walking"
            ],
            "boundingBox": {
                "height": 85.76709796672829,
                "width": 40.62885703052751,
                "left": 0,
                "top": 14.232902033271719
            },
            "points": [
                {
                    "x": 0,
                    "y": 14.232902033271719
                },
                {
                    "x": 40.62885703052751,
                    "y": 14.232902033271719
                },
                {
                    "x": 40.62885703052751,
                    "y": 100
                },
                {
                    "x": 0,
                    "y": 100
                }
            ]
        }
    ],
    "version": "2.2.0"
}