{
    "asset": {
        "format": "jpg",
        "id": "4f8451f69a6823844180a33f991fd9ed",
        "name": "003836386_thumb.jpg",
        "path": "file:C:/Users/mdhsi/OneDrive/Documents/CE%20258%20-%20Deep%20Learning/pedestrian-behavior-analysis/human-pose-dataset/003836386_thumb.jpg",
        "size": {
            "width": 150,
            "height": 100
        },
        "state": 2,
        "type": 1
    },
    "regions": [
        {
            "id": "goczzrStR",
            "type": "RECTANGLE",
            "tags": [
                "sitting"
            ],
            "boundingBox": {
                "height": 65.06469500924214,
                "width": 71.88655227679948,
                "left": 73.67448348152358,
                "top": 15.588415572471408
            },
            "points": [
                {
                    "x": 73.67448348152358,
                    "y": 15.588415572471408
                },
                {
                    "x": 145.56103575832307,
                    "y": 15.588415572471408
                },
                {
                    "x": 145.56103575832307,
                    "y": 80.65311058171355
                },
                {
                    "x": 73.67448348152358,
                    "y": 80.65311058171355
                }
            ]
        }
    ],
    "version": "2.2.0"
}