{
    "asset": {
        "format": "jpg",
        "id": "5555fdcfc02ef39d8878821d401eb9dc",
        "name": "071767616_thumb.jpg",
        "path": "file:C:/Users/mdhsi/OneDrive/Documents/CE%20258%20-%20Deep%20Learning/pedestrian-behavior-analysis/human-pose-dataset/071767616_thumb.jpg",
        "size": {
            "width": 150,
            "height": 100
        },
        "state": 2,
        "type": 1
    },
    "regions": [
        {
            "id": "T4Jwv4Gyf",
            "type": "RECTANGLE",
            "tags": [
                "walking"
            ],
            "boundingBox": {
                "height": 31.79297597042514,
                "width": 15.967948339723335,
                "left": 83.60049321824907,
                "top": 32.717193208648624
            },
            "points": [
                {
                    "x": 83.60049321824907,
                    "y": 32.717193208648624
                },
                {
                    "x": 99.5684415579724,
                    "y": 32.717193208648624
                },
                {
                    "x": 99.5684415579724,
                    "y": 64.51016917907377
                },
                {
                    "x": 83.60049321824907,
                    "y": 64.51016917907377
                }
            ]
        },
        {
            "id": "VXQiXHZ-A",
            "type": "RECTANGLE",
            "tags": [
                "walking"
            ],
            "boundingBox": {
                "height": 33.148492330103394,
                "width": 16.276202219482123,
                "left": 98.95191122071517,
                "top": 33.2101056844602
            },
            "points": [
                {
                    "x": 98.95191122071517,
                    "y": 33.2101056844602
                },
                {
                    "x": 115.22811344019729,
                    "y": 33.2101056844602
                },
                {
                    "x": 115.22811344019729,
                    "y": 66.3585980145636
                },
                {
                    "x": 98.95191122071517,
                    "y": 66.3585980145636
                }
            ]
        },
        {
            "id": "i-6DdPveA",
            "type": "RECTANGLE",
            "tags": [
                "walking"
            ],
            "boundingBox": {
                "height": 37.70794824399261,
                "width": 16.522807581063116,
                "left": 123.61283120038918,
                "top": 31.115217790586012
            },
            "points": [
                {
                    "x": 123.61283120038918,
                    "y": 31.115217790586012
                },
                {
                    "x": 140.1356387814523,
                    "y": 31.115217790586012
                },
                {
                    "x": 140.1356387814523,
                    "y": 68.82316603457862
                },
                {
                    "x": 123.61283120038918,
                    "y": 68.82316603457862
                }
            ]
        },
        {
            "id": "7Rfw6zgqw",
            "type": "RECTANGLE",
            "tags": [
                "standing"
            ],
            "boundingBox": {
                "height": 97.8435001620083,
                "width": 56.350183075365095,
                "left": 30.39457648073848,
                "top": 2.156499837991711
            },
            "points": [
                {
                    "x": 30.39457648073848,
                    "y": 2.156499837991711
                },
                {
                    "x": 86.74475955610357,
                    "y": 2.156499837991711
                },
                {
                    "x": 86.74475955610357,
                    "y": 100
                },
                {
                    "x": 30.39457648073848,
                    "y": 100
                }
            ]
        }
    ],
    "version": "2.2.0"
}