{
    "asset": {
        "format": "jpg",
        "id": "5e3970a8d3db4315b2c44c761f296841",
        "name": "030449042_thumb.jpg",
        "path": "file:C:/Users/mdhsi/OneDrive/Documents/CE%20258%20-%20Deep%20Learning/pedestrian-behavior-analysis/human-pose-dataset/030449042_thumb.jpg",
        "size": {
            "width": 150,
            "height": 100
        },
        "state": 2,
        "type": 1
    },
    "regions": [
        {
            "id": "Rm9fzRn_T",
            "type": "RECTANGLE",
            "tags": [
                "sitting"
            ],
            "boundingBox": {
                "height": 62.84658322713292,
                "width": 31.81257706535142,
                "left": 63.193591925718636,
                "top": 3.512014787430684
            },
            "points": [
                {
                    "x": 63.193591925718636,
                    "y": 3.512014787430684
                },
                {
                    "x": 95.00616899107006,
                    "y": 3.512014787430684
                },
                {
                    "x": 95.00616899107006,
                    "y": 66.3585980145636
                },
                {
                    "x": 63.193591925718636,
                    "y": 66.3585980145636
                }
            ]
        },
        {
            "id": "wCzF2QxW8",
            "type": "RECTANGLE",
            "tags": [
                "sitting"
            ],
            "boundingBox": {
                "height": 64.81824159181492,
                "width": 41.553641247543545,
                "left": 18.06412213533639,
                "top": 7.825014463414107
            },
            "points": [
                {
                    "x": 18.06412213533639,
                    "y": 7.825014463414107
                },
                {
                    "x": 59.617763382879936,
                    "y": 7.825014463414107
                },
                {
                    "x": 59.617763382879936,
                    "y": 72.64325605522903
                },
                {
                    "x": 18.06412213533639,
                    "y": 72.64325605522903
                }
            ]
        },
        {
            "id": "7sOlT-21p",
            "type": "RECTANGLE",
            "tags": [
                "sitting"
            ],
            "boundingBox": {
                "height": 84.16512536914423,
                "width": 57.459929780219255,
                "left": 90.44389642416769,
                "top": 15.834874630855765
            },
            "points": [
                {
                    "x": 90.44389642416769,
                    "y": 15.834874630855765
                },
                {
                    "x": 147.90382620438695,
                    "y": 15.834874630855765
                },
                {
                    "x": 147.90382620438695,
                    "y": 100
                },
                {
                    "x": 90.44389642416769,
                    "y": 100
                }
            ]
        }
    ],
    "version": "2.2.0"
}