{
    "asset": {
        "format": "jpg",
        "id": "64259481fd3f19d578a7b2cd7003c358",
        "name": "097835479_thumb.jpg",
        "path": "file:C:/Users/mdhsi/OneDrive/Documents/CE%20258%20-%20Deep%20Learning/pedestrian-behavior-analysis/human-pose-dataset/097835479_thumb.jpg",
        "size": {
            "width": 150,
            "height": 100
        },
        "state": 2,
        "type": 1
    },
    "regions": [
        {
            "id": "UNsrTRylM",
            "type": "RECTANGLE",
            "tags": [
                "running"
            ],
            "boundingBox": {
                "height": 90.08010610414742,
                "width": 53.76079291215513,
                "left": 65.41307404655711,
                "top": 8.934071764708007
            },
            "points": [
                {
                    "x": 65.41307404655711,
                    "y": 8.934071764708007
                },
                {
                    "x": 119.17386695871224,
                    "y": 8.934071764708007
                },
                {
                    "x": 119.17386695871224,
                    "y": 99.01417786885543
                },
                {
                    "x": 65.41307404655711,
                    "y": 99.01417786885543
                }
            ]
        }
    ],
    "version": "2.2.0"
}