{
    "asset": {
        "format": "jpg",
        "id": "662a956b62a1cabc48921735b96a2b0b",
        "name": "007869858_thumb.jpg",
        "path": "file:C:/Users/mdhsi/OneDrive/Documents/CE%20258%20-%20Deep%20Learning/pedestrian-behavior-analysis/human-pose-dataset/007869858_thumb.jpg",
        "size": {
            "width": 150,
            "height": 100
        },
        "state": 2,
        "type": 1
    },
    "regions": [
        {
            "id": "1ceff6pja",
            "type": "RECTANGLE",
            "tags": [
                "running"
            ],
            "boundingBox": {
                "height": 73.93715341959334,
                "width": 23.304562268803945,
                "left": 68.24907521578298,
                "top": 21.873073613136842
            },
            "points": [
                {
                    "x": 68.24907521578298,
                    "y": 21.873073613136842
                },
                {
                    "x": 91.55363748458693,
                    "y": 21.873073613136842
                },
                {
                    "x": 91.55363748458693,
                    "y": 95.8102270327302
                },
                {
                    "x": 68.24907521578298,
                    "y": 95.8102270327302
                }
            ]
        },
        {
            "id": "6mwQ_WYMx",
            "type": "RECTANGLE",
            "tags": [
                "standing"
            ],
            "boundingBox": {
                "height": 59.272957905824,
                "width": 18.61899266554601,
                "left": 43.58816652497881,
                "top": 27.171903881700555
            },
            "points": [
                {
                    "x": 43.58816652497881,
                    "y": 27.171903881700555
                },
                {
                    "x": 62.20715919052482,
                    "y": 27.171903881700555
                },
                {
                    "x": 62.20715919052482,
                    "y": 86.44486178752456
                },
                {
                    "x": 43.58816652497881,
                    "y": 86.44486178752456
                }
            ]
        },
        {
            "id": "IhQxakGPf",
            "type": "RECTANGLE",
            "tags": [
                "standing"
            ],
            "boundingBox": {
                "height": 47.31977818853974,
                "width": 13.933411773418234,
                "left": 22.873000063819745,
                "top": 29.266788955096178
            },
            "points": [
                {
                    "x": 22.873000063819745,
                    "y": 29.266788955096178
                },
                {
                    "x": 36.80641183723798,
                    "y": 29.266788955096178
                },
                {
                    "x": 36.80641183723798,
                    "y": 76.58656714363592
                },
                {
                    "x": 22.873000063819745,
                    "y": 76.58656714363592
                }
            ]
        }
    ],
    "version": "2.2.0"
}