{
    "asset": {
        "format": "jpg",
        "id": "66b866753caf536776d97a9c769e45a5",
        "name": "096574721_thumb.jpg",
        "path": "file:C:/Users/mdhsi/OneDrive/Documents/CE%20258%20-%20Deep%20Learning/pedestrian-behavior-analysis/human-pose-dataset/096574721_thumb.jpg",
        "size": {
            "width": 150,
            "height": 100
        },
        "state": 2,
        "type": 1
    },
    "regions": [
        {
            "id": "h0Oa4HtUj",
            "type": "RECTANGLE",
            "tags": [
                "running"
            ],
            "boundingBox": {
                "height": 79.72889616396864,
                "width": 42.293468621156364,
                "left": 23.24291375062616,
                "top": 12.384473197781887
            },
            "points": [
                {
                    "x": 23.24291375062616,
                    "y": 12.384473197781887
                },
                {
                    "x": 65.53638237178252,
                    "y": 12.384473197781887
                },
                {
                    "x": 65.53638237178252,
                    "y": 92.11336936175053
                },
                {
                    "x": 23.24291375062616,
                    "y": 92.11336936175053
                }
            ]
        }
    ],
    "version": "2.2.0"
}