{
    "asset": {
        "format": "jpg",
        "id": "6738cca1f0871ad09214b21f8cacf859",
        "name": "029754845_thumb.jpg",
        "path": "file:C:/Users/mdhsi/OneDrive/Documents/CE%20258%20-%20Deep%20Learning/pedestrian-behavior-analysis/human-pose-dataset/029754845_thumb.jpg",
        "size": {
            "width": 150,
            "height": 100
        },
        "state": 2,
        "type": 1
    },
    "regions": [
        {
            "id": "e0B7YUbRZ",
            "type": "RECTANGLE",
            "tags": [
                "walking"
            ],
            "boundingBox": {
                "height": 50.89340350984866,
                "width": 31.31935505331959,
                "left": 87.73120358016723,
                "top": 48.98336696095917
            },
            "points": [
                {
                    "x": 87.73120358016723,
                    "y": 48.98336696095917
                },
                {
                    "x": 119.05055863348683,
                    "y": 48.98336696095917
                },
                {
                    "x": 119.05055863348683,
                    "y": 99.87677047080783
                },
                {
                    "x": 87.73120358016723,
                    "y": 99.87677047080783
                }
            ]
        },
        {
            "id": "l77vcI6nh",
            "type": "RECTANGLE",
            "tags": [
                "walking"
            ],
            "boundingBox": {
                "height": 81.2076392323605,
                "width": 54.80888545439658,
                "left": 0,
                "top": 17.190388170055453
            },
            "points": [
                {
                    "x": 0,
                    "y": 17.190388170055453
                },
                {
                    "x": 54.80888545439658,
                    "y": 17.190388170055453
                },
                {
                    "x": 54.80888545439658,
                    "y": 98.39802740241596
                },
                {
                    "x": 0,
                    "y": 98.39802740241596
                }
            ]
        },
        {
            "id": "7birTbYfI",
            "type": "RECTANGLE",
            "tags": [
                "walking"
            ],
            "boundingBox": {
                "height": 54.09734870501676,
                "width": 30.949452655383016,
                "left": 97.28729963008631,
                "top": 44.85520734804616
            },
            "points": [
                {
                    "x": 97.28729963008631,
                    "y": 44.85520734804616
                },
                {
                    "x": 128.23675228546932,
                    "y": 44.85520734804616
                },
                {
                    "x": 128.23675228546932,
                    "y": 98.9525560530629
                },
                {
                    "x": 97.28729963008631,
                    "y": 98.9525560530629
                }
            ]
        }
    ],
    "version": "2.2.0"
}