{
    "asset": {
        "format": "jpg",
        "id": "6f6f444922ee0ec7ebf7a457dff50825",
        "name": "050836055_thumb.jpg",
        "path": "file:C:/Users/mdhsi/OneDrive/Documents/CE%20258%20-%20Deep%20Learning/pedestrian-behavior-analysis/human-pose-dataset/050836055_thumb.jpg",
        "size": {
            "width": 150,
            "height": 100
        },
        "state": 2,
        "type": 1
    },
    "regions": [
        {
            "id": "WM3BQWup3",
            "type": "RECTANGLE",
            "tags": [
                "walking"
            ],
            "boundingBox": {
                "height": 50.03080808741769,
                "width": 23.42787059402936,
                "left": 47.287303393042926,
                "top": 49.96919191258232
            },
            "points": [
                {
                    "x": 47.287303393042926,
                    "y": 49.96919191258232
                },
                {
                    "x": 70.71517398707229,
                    "y": 49.96919191258232
                },
                {
                    "x": 70.71517398707229,
                    "y": 100
                },
                {
                    "x": 47.287303393042926,
                    "y": 100
                }
            ]
        },
        {
            "id": "PwOIi4pUU",
            "type": "RECTANGLE",
            "tags": [
                "walking"
            ],
            "boundingBox": {
                "height": 23.166976618458296,
                "width": 14.05672009864365,
                "left": 77.86683107274969,
                "top": 51.81762074807215
            },
            "points": [
                {
                    "x": 77.86683107274969,
                    "y": 51.81762074807215
                },
                {
                    "x": 91.92355117139334,
                    "y": 51.81762074807215
                },
                {
                    "x": 91.92355117139334,
                    "y": 74.98459736653045
                },
                {
                    "x": 77.86683107274969,
                    "y": 74.98459736653045
                }
            ]
        }
    ],
    "version": "2.2.0"
}