{
    "asset": {
        "format": "jpg",
        "id": "720fa6e5b5bda67f68dec15a6be4e1bf",
        "name": "016481482_thumb.jpg",
        "path": "file:C:/Users/mdhsi/OneDrive/Documents/CE%20258%20-%20Deep%20Learning/pedestrian-behavior-analysis/human-pose-dataset/016481482_thumb.jpg",
        "size": {
            "width": 150,
            "height": 100
        },
        "state": 2,
        "type": 1
    },
    "regions": [
        {
            "id": "uYqdVfUWM",
            "type": "RECTANGLE",
            "tags": [
                "standing"
            ],
            "boundingBox": {
                "height": 71.10289681200179,
                "width": 25.524044389642416,
                "left": 97.34895943713394,
                "top": 28.897103187998212
            },
            "points": [
                {
                    "x": 97.34895943713394,
                    "y": 28.897103187998212
                },
                {
                    "x": 122.87300382677635,
                    "y": 28.897103187998212
                },
                {
                    "x": 122.87300382677635,
                    "y": 100
                },
                {
                    "x": 97.34895943713394,
                    "y": 100
                }
            ]
        },
        {
            "id": "1Fn89DdQL",
            "type": "RECTANGLE",
            "tags": [
                "standing"
            ],
            "boundingBox": {
                "height": 74.18360965749913,
                "width": 27.373612823674478,
                "left": 46.91738970623651,
                "top": 25.816390342500867
            },
            "points": [
                {
                    "x": 46.91738970623651,
                    "y": 25.816390342500867
                },
                {
                    "x": 74.291002529911,
                    "y": 25.816390342500867
                },
                {
                    "x": 74.291002529911,
                    "y": 100
                },
                {
                    "x": 46.91738970623651,
                    "y": 100
                }
            ]
        },
        {
            "id": "wSjrsQ12V",
            "type": "RECTANGLE",
            "tags": [
                "standing"
            ],
            "boundingBox": {
                "height": 68.51509644231602,
                "width": 20.34525277435265,
                "left": 81.93588162762022,
                "top": 31.484903557683978
            },
            "points": [
                {
                    "x": 81.93588162762022,
                    "y": 31.484903557683978
                },
                {
                    "x": 102.28113440197288,
                    "y": 31.484903557683978
                },
                {
                    "x": 102.28113440197288,
                    "y": 100
                },
                {
                    "x": 81.93588162762022,
                    "y": 100
                }
            ]
        },
        {
            "id": "wJLVDV_T7",
            "type": "RECTANGLE",
            "tags": [
                "standing"
            ],
            "boundingBox": {
                "height": 66.91312384473198,
                "width": 18.680641183723797,
                "left": 64.91985203452528,
                "top": 33.08687615526802
            },
            "points": [
                {
                    "x": 64.91985203452528,
                    "y": 33.08687615526802
                },
                {
                    "x": 83.60049321824907,
                    "y": 33.08687615526802
                },
                {
                    "x": 83.60049321824907,
                    "y": 100
                },
                {
                    "x": 64.91985203452528,
                    "y": 100
                }
            ]
        }
    ],
    "version": "2.2.0"
}