{
    "asset": {
        "format": "jpg",
        "id": "783397bef57da7dd4ca9b1705afd1bbe",
        "name": "020865191_thumb.jpg",
        "path": "file:C:/Users/mdhsi/OneDrive/Documents/CE%20258%20-%20Deep%20Learning/pedestrian-behavior-analysis/human-pose-dataset/020865191_thumb.jpg",
        "size": {
            "width": 150,
            "height": 100
        },
        "state": 2,
        "type": 1
    },
    "regions": [
        {
            "id": "0Vb2NwC7U",
            "type": "RECTANGLE",
            "tags": [
                "running"
            ],
            "boundingBox": {
                "height": 70.85644057409601,
                "width": 30.579538968576603,
                "left": 76.38717632552405,
                "top": 16.574246165051697
            },
            "points": [
                {
                    "x": 76.38717632552405,
                    "y": 16.574246165051697
                },
                {
                    "x": 106.96671529410065,
                    "y": 16.574246165051697
                },
                {
                    "x": 106.96671529410065,
                    "y": 87.4306867391477
                },
                {
                    "x": 76.38717632552405,
                    "y": 87.4306867391477
                }
            ]
        }
    ],
    "version": "2.2.0"
}