{
    "asset": {
        "format": "jpg",
        "id": "7f0db40c120b6977c60b8602601cba7b",
        "name": "061416885_thumb.jpg",
        "path": "file:C:/Users/mdhsi/OneDrive/Documents/CE%20258%20-%20Deep%20Learning/pedestrian-behavior-analysis/human-pose-dataset/061416885_thumb.jpg",
        "size": {
            "width": 150,
            "height": 100
        },
        "state": 2,
        "type": 1
    },
    "regions": [
        {
            "id": "sjiONNlob",
            "type": "RECTANGLE",
            "tags": [
                "sitting"
            ],
            "boundingBox": {
                "height": 62.107206051979844,
                "width": 55.61036134618719,
                "left": 15.721331689272503,
                "top": 37.89279394802016
            },
            "points": [
                {
                    "x": 15.721331689272503,
                    "y": 37.89279394802016
                },
                {
                    "x": 71.3316930354597,
                    "y": 37.89279394802016
                },
                {
                    "x": 71.3316930354597,
                    "y": 100
                },
                {
                    "x": 15.721331689272503,
                    "y": 100
                }
            ]
        }
    ],
    "version": "2.2.0"
}