{
    "asset": {
        "format": "jpg",
        "id": "8761de99d0ad45209e15d1761920cca5",
        "name": "039900270_thumb.jpg",
        "path": "file:C:/Users/mdhsi/OneDrive/Documents/CE%20258%20-%20Deep%20Learning/pedestrian-behavior-analysis/human-pose-dataset/039900270_thumb.jpg",
        "size": {
            "width": 150,
            "height": 100
        },
        "state": 2,
        "type": 1
    },
    "regions": [
        {
            "id": "rol6JRHgj",
            "type": "RECTANGLE",
            "tags": [
                "sitting"
            ],
            "boundingBox": {
                "height": 87.24584385559872,
                "width": 51.911224478123074,
                "left": 51.23304562268804,
                "top": 11.645101663585953
            },
            "points": [
                {
                    "x": 51.23304562268804,
                    "y": 11.645101663585953
                },
                {
                    "x": 103.14427010081111,
                    "y": 11.645101663585953
                },
                {
                    "x": 103.14427010081111,
                    "y": 98.89094551918467
                },
                {
                    "x": 51.23304562268804,
                    "y": 98.89094551918467
                }
            ]
        }
    ],
    "version": "2.2.0"
}