{
    "asset": {
        "format": "jpg",
        "id": "8933af0466f0fd0cca3d6330f84081fe",
        "name": "076112154_thumb.jpg",
        "path": "file:C:/Users/mdhsi/OneDrive/Documents/CE%20258%20-%20Deep%20Learning/pedestrian-behavior-analysis/human-pose-dataset/076112154_thumb.jpg",
        "size": {
            "width": 150,
            "height": 100
        },
        "state": 2,
        "type": 1
    },
    "regions": [
        {
            "id": "SD1pr_ie5",
            "type": "RECTANGLE",
            "tags": [
                "walking"
            ],
            "boundingBox": {
                "height": 100,
                "width": 55.67200986436498,
                "left": 56.59679408138101,
                "top": 0
            },
            "points": [
                {
                    "x": 56.59679408138101,
                    "y": 0
                },
                {
                    "x": 112.268803945746,
                    "y": 0
                },
                {
                    "x": 112.268803945746,
                    "y": 100
                },
                {
                    "x": 56.59679408138101,
                    "y": 100
                }
            ]
        },
        {
            "id": "f-MedsI9H",
            "type": "RECTANGLE",
            "tags": [
                "walking"
            ],
            "boundingBox": {
                "height": 99.69192899749812,
                "width": 26.633785450061673,
                "left": 122.2564734895191,
                "top": 0.3080710025018773
            },
            "points": [
                {
                    "x": 122.2564734895191,
                    "y": 0.3080710025018773
                },
                {
                    "x": 148.89025893958078,
                    "y": 0.3080710025018773
                },
                {
                    "x": 148.89025893958078,
                    "y": 100
                },
                {
                    "x": 122.2564734895191,
                    "y": 100
                }
            ]
        },
        {
            "id": "hWz6vLO6W",
            "type": "RECTANGLE",
            "tags": [
                "walking"
            ],
            "boundingBox": {
                "height": 54.09735434597389,
                "width": 16.646115906288532,
                "left": 34.093713348802595,
                "top": 31.608135907354725
            },
            "points": [
                {
                    "x": 34.093713348802595,
                    "y": 31.608135907354725
                },
                {
                    "x": 50.73982925509113,
                    "y": 31.608135907354725
                },
                {
                    "x": 50.73982925509113,
                    "y": 85.70549025332862
                },
                {
                    "x": 34.093713348802595,
                    "y": 85.70549025332862
                }
            ]
        },
        {
            "id": "bb4C-aLXl",
            "type": "RECTANGLE",
            "tags": [
                "walking"
            ],
            "boundingBox": {
                "height": 66.42021700987756,
                "width": 24.660908690804177,
                "left": 40.62885703052751,
                "top": 30.74553202348805
            },
            "points": [
                {
                    "x": 40.62885703052751,
                    "y": 30.74553202348805
                },
                {
                    "x": 65.28976572133169,
                    "y": 30.74553202348805
                },
                {
                    "x": 65.28976572133169,
                    "y": 97.16574903336561
                },
                {
                    "x": 40.62885703052751,
                    "y": 97.16574903336561
                }
            ]
        }
    ],
    "version": "2.2.0"
}