{
    "asset": {
        "format": "jpg",
        "id": "90b91769b82755452f2336c873aad3cb",
        "name": "013172877_thumb.jpg",
        "path": "file:C:/Users/mdhsi/OneDrive/Documents/CE%20258%20-%20Deep%20Learning/pedestrian-behavior-analysis/human-pose-dataset/013172877_thumb.jpg",
        "size": {
            "width": 150,
            "height": 100
        },
        "state": 2,
        "type": 1
    },
    "regions": [
        {
            "id": "f1CqVT30z",
            "type": "RECTANGLE",
            "tags": [
                "walking"
            ],
            "boundingBox": {
                "height": 42.26740697836039,
                "width": 16.39951054470754,
                "left": 120.40690505548706,
                "top": 14.232902033271719
            },
            "points": [
                {
                    "x": 120.40690505548706,
                    "y": 14.232902033271719
                },
                {
                    "x": 136.80641560019458,
                    "y": 14.232902033271719
                },
                {
                    "x": 136.80641560019458,
                    "y": 56.500309011632105
                },
                {
                    "x": 120.40690505548706,
                    "y": 56.500309011632105
                }
            ]
        },
        {
            "id": "T-0v87MK8",
            "type": "RECTANGLE",
            "tags": [
                "walking"
            ],
            "boundingBox": {
                "height": 71.10289399152322,
                "width": 32.799009800545235,
                "left": 68.49569186623381,
                "top": 28.404190712186633
            },
            "points": [
                {
                    "x": 68.49569186623381,
                    "y": 28.404190712186633
                },
                {
                    "x": 101.29470166677906,
                    "y": 28.404190712186633
                },
                {
                    "x": 101.29470166677906,
                    "y": 99.50708470370986
                },
                {
                    "x": 68.49569186623381,
                    "y": 99.50708470370986
                }
            ]
        },
        {
            "id": "4e_zZPyAT",
            "type": "RECTANGLE",
            "tags": [
                "walking"
            ],
            "boundingBox": {
                "height": 75.90881178427536,
                "width": 34.6485782345773,
                "left": 33.60049698120569,
                "top": 24.091188215724642
            },
            "points": [
                {
                    "x": 33.60049698120569,
                    "y": 24.091188215724642
                },
                {
                    "x": 68.24907521578298,
                    "y": 24.091188215724642
                },
                {
                    "x": 68.24907521578298,
                    "y": 100
                },
                {
                    "x": 33.60049698120569,
                    "y": 100
                }
            ]
        }
    ],
    "version": "2.2.0"
}