{
    "asset": {
        "format": "jpg",
        "id": "90da165a0a5d9e9b471c0a0559342ecc",
        "name": "031563322_thumb.jpg",
        "path": "file:C:/Users/mdhsi/OneDrive/Documents/CE%20258%20-%20Deep%20Learning/pedestrian-behavior-analysis/human-pose-dataset/031563322_thumb.jpg",
        "size": {
            "width": 150,
            "height": 100
        },
        "state": 2,
        "type": 1
    },
    "regions": [
        {
            "id": "FCdtzNvB1",
            "type": "RECTANGLE",
            "tags": [
                "standing"
            ],
            "boundingBox": {
                "height": 98.45964357725133,
                "width": 61.15906664828337,
                "left": 31.011101173560807,
                "top": 1.5403564227486715
            },
            "points": [
                {
                    "x": 31.011101173560807,
                    "y": 1.5403564227486715
                },
                {
                    "x": 92.17016782184417,
                    "y": 1.5403564227486715
                },
                {
                    "x": 92.17016782184417,
                    "y": 100
                },
                {
                    "x": 31.011101173560807,
                    "y": 100
                }
            ]
        }
    ],
    "version": "2.2.0"
}