{
    "asset": {
        "format": "jpg",
        "id": "90e132e8b522bc7a2ff97ecc3beb01b6",
        "name": "063629135_thumb.jpg",
        "path": "file:C:/Users/mdhsi/OneDrive/Documents/CE%20258%20-%20Deep%20Learning/pedestrian-behavior-analysis/human-pose-dataset/063629135_thumb.jpg",
        "size": {
            "width": 150,
            "height": 100
        },
        "state": 2,
        "type": 1
    },
    "regions": [
        {
            "id": "GbfmQaJMx",
            "type": "RECTANGLE",
            "tags": [
                "walking"
            ],
            "boundingBox": {
                "height": 53.974119175824576,
                "width": 25.400736064417,
                "left": 107.95314802929447,
                "top": 46.02588082417543
            },
            "points": [
                {
                    "x": 107.95314802929447,
                    "y": 46.02588082417543
                },
                {
                    "x": 133.35388409371146,
                    "y": 46.02588082417543
                },
                {
                    "x": 133.35388409371146,
                    "y": 100
                },
                {
                    "x": 107.95314802929447,
                    "y": 100
                }
            ]
        },
        {
            "id": "eVhRbG7Qm",
            "type": "RECTANGLE",
            "tags": [
                "walking"
            ],
            "boundingBox": {
                "height": 52.6186140980606,
                "width": 15.90628853267572,
                "left": 81.44267090445823,
                "top": 43.80776340110906
            },
            "points": [
                {
                    "x": 81.44267090445823,
                    "y": 43.80776340110906
                },
                {
                    "x": 97.34895943713394,
                    "y": 43.80776340110906
                },
                {
                    "x": 97.34895943713394,
                    "y": 96.42637749916966
                },
                {
                    "x": 81.44267090445823,
                    "y": 96.42637749916966
                }
            ]
        },
        {
            "id": "3Vzf-BHYM",
            "type": "RECTANGLE",
            "tags": [
                "walking"
            ],
            "boundingBox": {
                "height": 46.95008960096321,
                "width": 19.790382244143032,
                "left": 95.80764488286067,
                "top": 53.0499103990368
            },
            "points": [
                {
                    "x": 95.80764488286067,
                    "y": 53.0499103990368
                },
                {
                    "x": 115.5980271270037,
                    "y": 53.0499103990368
                },
                {
                    "x": 115.5980271270037,
                    "y": 100
                },
                {
                    "x": 95.80764488286067,
                    "y": 100
                }
            ]
        },
        {
            "id": "nAYd9sAxg",
            "type": "RECTANGLE",
            "tags": [
                "walking"
            ],
            "boundingBox": {
                "height": 77.51078156138084,
                "width": 27.12700746209348,
                "left": 57.15166461159063,
                "top": 20.517560073937155
            },
            "points": [
                {
                    "x": 57.15166461159063,
                    "y": 20.517560073937155
                },
                {
                    "x": 84.2786720736841,
                    "y": 20.517560073937155
                },
                {
                    "x": 84.2786720736841,
                    "y": 98.02834163531799
                },
                {
                    "x": 57.15166461159063,
                    "y": 98.02834163531799
                }
            ]
        },
        {
            "id": "51zV3OJu-",
            "type": "RECTANGLE",
            "tags": [
                "walking"
            ],
            "boundingBox": {
                "height": 49.90757855822551,
                "width": 23.674475955610358,
                "left": 41.615289765721336,
                "top": 41.83610503642705
            },
            "points": [
                {
                    "x": 41.615289765721336,
                    "y": 41.83610503642705
                },
                {
                    "x": 65.28976572133169,
                    "y": 41.83610503642705
                },
                {
                    "x": 65.28976572133169,
                    "y": 91.74368359465255
                },
                {
                    "x": 41.615289765721336,
                    "y": 91.74368359465255
                }
            ]
        },
        {
            "id": "BhvtabKuG",
            "type": "RECTANGLE",
            "tags": [
                "walking"
            ],
            "boundingBox": {
                "height": 44.115832993371654,
                "width": 17.016029593094945,
                "left": 11.898892140417887,
                "top": 34.68884875285207
            },
            "points": [
                {
                    "x": 11.898892140417887,
                    "y": 34.68884875285207
                },
                {
                    "x": 28.91492173351283,
                    "y": 34.68884875285207
                },
                {
                    "x": 28.91492173351283,
                    "y": 78.80468174622372
                },
                {
                    "x": 11.898892140417887,
                    "y": 78.80468174622372
                }
            ]
        },
        {
            "id": "M_8F8uJo9",
            "type": "RECTANGLE",
            "tags": [
                "walking"
            ],
            "boundingBox": {
                "height": 44.23907098399954,
                "width": 8.508014796547473,
                "left": 5.6103594647088855,
                "top": 32.59396085897788
            },
            "points": [
                {
                    "x": 5.6103594647088855,
                    "y": 32.59396085897788
                },
                {
                    "x": 14.118374261256358,
                    "y": 32.59396085897788
                },
                {
                    "x": 14.118374261256358,
                    "y": 76.83303184297742
                },
                {
                    "x": 5.6103594647088855,
                    "y": 76.83303184297742
                }
            ]
        }
    ],
    "version": "2.2.0"
}