{
    "asset": {
        "format": "jpg",
        "id": "92354b2c74cef709b962d3dc6b84166a",
        "name": "020909736_thumb.jpg",
        "path": "file:C:/Users/mdhsi/OneDrive/Documents/CE%20258%20-%20Deep%20Learning/pedestrian-behavior-analysis/human-pose-dataset/020909736_thumb.jpg",
        "size": {
            "width": 150,
            "height": 100
        },
        "state": 2,
        "type": 1
    },
    "regions": [
        {
            "id": "cl94Ie4Br",
            "type": "RECTANGLE",
            "tags": [
                "standing"
            ],
            "boundingBox": {
                "height": 68.76155268022181,
                "width": 25.893963720883747,
                "left": 42.97164183215648,
                "top": 26.309302818312442
            },
            "points": [
                {
                    "x": 42.97164183215648,
                    "y": 26.309302818312442
                },
                {
                    "x": 68.86560555304023,
                    "y": 26.309302818312442
                },
                {
                    "x": 68.86560555304023,
                    "y": 95.07085549853426
                },
                {
                    "x": 42.97164183215648,
                    "y": 95.07085549853426
                }
            ]
        }
    ],
    "version": "2.2.0"
}