{
    "asset": {
        "format": "jpg",
        "id": "a3f0eb200d2be000d9cfa691546bb8b7",
        "name": "046855699_thumb.jpg",
        "path": "file:C:/Users/mdhsi/OneDrive/Documents/CE%20258%20-%20Deep%20Learning/pedestrian-behavior-analysis/human-pose-dataset/046855699_thumb.jpg",
        "size": {
            "width": 150,
            "height": 100
        },
        "state": 2,
        "type": 1
    },
    "regions": [
        {
            "id": "1CidD6rhk",
            "type": "RECTANGLE",
            "tags": [
                "standing"
            ],
            "boundingBox": {
                "height": 83.54898336414048,
                "width": 61.28236368463895,
                "left": 55.91862651481581,
                "top": 16.45101663585952
            },
            "points": [
                {
                    "x": 55.91862651481581,
                    "y": 16.45101663585952
                },
                {
                    "x": 117.20099019945476,
                    "y": 16.45101663585952
                },
                {
                    "x": 117.20099019945476,
                    "y": 100
                },
                {
                    "x": 55.91862651481581,
                    "y": 100
                }
            ]
        }
    ],
    "version": "2.2.0"
}