{
    "asset": {
        "format": "jpg",
        "id": "a5561968e9be9f41acba1fb22f38b0a9",
        "name": "056502199_thumb.jpg",
        "path": "file:C:/Users/mdhsi/OneDrive/Documents/CE%20258%20-%20Deep%20Learning/pedestrian-behavior-analysis/human-pose-dataset/056502199_thumb.jpg",
        "size": {
            "width": 150,
            "height": 100
        },
        "state": 2,
        "type": 1
    },
    "regions": [
        {
            "id": "9m0u2_lDp",
            "type": "RECTANGLE",
            "tags": [
                "walking"
            ],
            "boundingBox": {
                "height": 69.50092139393918,
                "width": 43.27990135635019,
                "left": 6.103575832305795,
                "top": 30.49907860606083
            },
            "points": [
                {
                    "x": 6.103575832305795,
                    "y": 30.49907860606083
                },
                {
                    "x": 49.38347718865598,
                    "y": 30.49907860606083
                },
                {
                    "x": 49.38347718865598,
                    "y": 100
                },
                {
                    "x": 6.103575832305795,
                    "y": 100
                }
            ]
        },
        {
            "id": "7PkhIr84l",
            "type": "RECTANGLE",
            "tags": [
                "walking"
            ],
            "boundingBox": {
                "height": 66.29698183972823,
                "width": 50.80148341770384,
                "left": 71.5782983970407,
                "top": 33.70301816027178
            },
            "points": [
                {
                    "x": 71.5782983970407,
                    "y": 33.70301816027178
                },
                {
                    "x": 122.37978181474453,
                    "y": 33.70301816027178
                },
                {
                    "x": 122.37978181474453,
                    "y": 100
                },
                {
                    "x": 71.5782983970407,
                    "y": 100
                }
            ]
        },
        {
            "id": "_OSZSgD3F",
            "type": "RECTANGLE",
            "tags": [
                "walking"
            ],
            "boundingBox": {
                "height": 70.73321104490383,
                "width": 37.85449309060959,
                "left": 109.18619741493912,
                "top": 29.266788955096178
            },
            "points": [
                {
                    "x": 109.18619741493912,
                    "y": 29.266788955096178
                },
                {
                    "x": 147.0406905055487,
                    "y": 29.266788955096178
                },
                {
                    "x": 147.0406905055487,
                    "y": 100
                },
                {
                    "x": 109.18619741493912,
                    "y": 100
                }
            ]
        }
    ],
    "version": "2.2.0"
}