{
    "asset": {
        "format": "jpg",
        "id": "af9806782a8ccebcb7083149527766e1",
        "name": "025175939_thumb.jpg",
        "path": "file:C:/Users/mdhsi/OneDrive/Documents/CE%20258%20-%20Deep%20Learning/pedestrian-behavior-analysis/human-pose-dataset/025175939_thumb.jpg",
        "size": {
            "width": 150,
            "height": 100
        },
        "state": 2,
        "type": 1
    },
    "regions": [
        {
            "id": "67oh3qykr",
            "type": "RECTANGLE",
            "tags": [
                "sitting"
            ],
            "boundingBox": {
                "height": 84.1651281896228,
                "width": 65.10480887792849,
                "left": 60.85080147965475,
                "top": 14.725817329561865
            },
            "points": [
                {
                    "x": 60.85080147965475,
                    "y": 14.725817329561865
                },
                {
                    "x": 125.95561035758324,
                    "y": 14.725817329561865
                },
                {
                    "x": 125.95561035758324,
                    "y": 98.89094551918467
                },
                {
                    "x": 60.85080147965475,
                    "y": 98.89094551918467
                }
            ]
        }
    ],
    "version": "2.2.0"
}