{
    "asset": {
        "format": "jpg",
        "id": "b3f48f66f0b582b87b75933c27282d77",
        "name": "028917825_thumb.jpg",
        "path": "file:C:/Users/mdhsi/OneDrive/Documents/CE%20258%20-%20Deep%20Learning/pedestrian-behavior-analysis/human-pose-dataset/028917825_thumb.jpg",
        "size": {
            "width": 150,
            "height": 100
        },
        "state": 2,
        "type": 1
    },
    "regions": [
        {
            "id": "0T-d89HKN",
            "type": "RECTANGLE",
            "tags": [
                "sitting"
            ],
            "boundingBox": {
                "height": 90.44978340980967,
                "width": 76.20221948212084,
                "left": 22.873000063819745,
                "top": 9.550216590190331
            },
            "points": [
                {
                    "x": 22.873000063819745,
                    "y": 9.550216590190331
                },
                {
                    "x": 99.07521954594058,
                    "y": 9.550216590190331
                },
                {
                    "x": 99.07521954594058,
                    "y": 100
                },
                {
                    "x": 22.873000063819745,
                    "y": 100
                }
            ]
        }
    ],
    "version": "2.2.0"
}