{
    "asset": {
        "format": "jpg",
        "id": "bb9faaf37511f376d253ab85b43c66a8",
        "name": "053116953_thumb.jpg",
        "path": "file:C:/Users/mdhsi/OneDrive/Documents/CE%20258%20-%20Deep%20Learning/pedestrian-behavior-analysis/human-pose-dataset/053116953_thumb.jpg",
        "size": {
            "width": 150,
            "height": 100
        },
        "state": 2,
        "type": 1
    },
    "regions": [
        {
            "id": "6qfv3taOS",
            "type": "RECTANGLE",
            "tags": [
                "walking"
            ],
            "boundingBox": {
                "height": 49.0449774948374,
                "width": 23.797784280835774,
                "left": 79.34648581997534,
                "top": 15.34195933456562
            },
            "points": [
                {
                    "x": 79.34648581997534,
                    "y": 15.34195933456562
                },
                {
                    "x": 103.14427010081111,
                    "y": 15.34195933456562
                },
                {
                    "x": 103.14427010081111,
                    "y": 64.38693682940301
                },
                {
                    "x": 79.34648581997534,
                    "y": 64.38693682940301
                }
            ]
        },
        {
            "id": "sUpN91Jv7",
            "type": "RECTANGLE",
            "tags": [
                "walking"
            ],
            "boundingBox": {
                "height": 71.2261235207154,
                "width": 25.524044389642416,
                "left": 15.474726327691508,
                "top": 18.299445471349355
            },
            "points": [
                {
                    "x": 15.474726327691508,
                    "y": 18.299445471349355
                },
                {
                    "x": 40.998770717333926,
                    "y": 18.299445471349355
                },
                {
                    "x": 40.998770717333926,
                    "y": 89.52556899206476
                },
                {
                    "x": 15.474726327691508,
                    "y": 89.52556899206476
                }
            ]
        },
        {
            "id": "-VbNvKooo",
            "type": "RECTANGLE",
            "tags": [
                "walking"
            ],
            "boundingBox": {
                "height": 89.21749939980216,
                "width": 41.30703024152763,
                "left": 25.215784865448715,
                "top": 10.78250060019784
            },
            "points": [
                {
                    "x": 25.215784865448715,
                    "y": 10.78250060019784
                },
                {
                    "x": 66.52281510697634,
                    "y": 10.78250060019784
                },
                {
                    "x": 66.52281510697634,
                    "y": 100
                },
                {
                    "x": 25.215784865448715,
                    "y": 100
                }
            ]
        }
    ],
    "version": "2.2.0"
}