{
    "asset": {
        "format": "jpg",
        "id": "bd2aee76498af89633b2ef2df0101c46",
        "name": "066527284_thumb.jpg",
        "path": "file:C:/Users/mdhsi/OneDrive/Documents/CE%20258%20-%20Deep%20Learning/pedestrian-behavior-analysis/human-pose-dataset/066527284_thumb.jpg",
        "size": {
            "width": 150,
            "height": 100
        },
        "state": 2,
        "type": 1
    },
    "regions": [
        {
            "id": "pQJaNyZ5S",
            "type": "RECTANGLE",
            "tags": [
                "running"
            ],
            "boundingBox": {
                "height": 54.34381340435825,
                "width": 23.304562268803945,
                "left": 80.826140567201,
                "top": 26.92544764379477
            },
            "points": [
                {
                    "x": 80.826140567201,
                    "y": 26.92544764379477
                },
                {
                    "x": 104.13070283600493,
                    "y": 26.92544764379477
                },
                {
                    "x": 104.13070283600493,
                    "y": 81.26926104815301
                },
                {
                    "x": 80.826140567201,
                    "y": 81.26926104815301
                }
            ]
        },
        {
            "id": "zyIFevvT4",
            "type": "RECTANGLE",
            "tags": [
                "running"
            ],
            "boundingBox": {
                "height": 90.32656234205321,
                "width": 41.800246609124535,
                "left": 0,
                "top": 6.469500924214418
            },
            "points": [
                {
                    "x": 0,
                    "y": 6.469500924214418
                },
                {
                    "x": 41.800246609124535,
                    "y": 6.469500924214418
                },
                {
                    "x": 41.800246609124535,
                    "y": 96.79606326626762
                },
                {
                    "x": 0,
                    "y": 96.79606326626762
                }
            ]
        }
    ],
    "version": "2.2.0"
}