{
    "asset": {
        "format": "jpg",
        "id": "c371f453c62c9b48cc229a65c8455e7a",
        "name": "081778533_thumb.jpg",
        "path": "file:C:/Users/mdhsi/OneDrive/Documents/CE%20258%20-%20Deep%20Learning/pedestrian-behavior-analysis/human-pose-dataset/081778533_thumb.jpg",
        "size": {
            "width": 150,
            "height": 100
        },
        "state": 2,
        "type": 1
    },
    "regions": [
        {
            "id": "lZUrQtqE-",
            "type": "RECTANGLE",
            "tags": [
                "walking"
            ],
            "boundingBox": {
                "height": 57.79420919647499,
                "width": 21.948210202368795,
                "left": 48.52034713425266,
                "top": 42.20579080352501
            },
            "points": [
                {
                    "x": 48.52034713425266,
                    "y": 42.20579080352501
                },
                {
                    "x": 70.46855733662146,
                    "y": 42.20579080352501
                },
                {
                    "x": 70.46855733662146,
                    "y": 100
                },
                {
                    "x": 48.52034713425266,
                    "y": 100
                }
            ]
        },
        {
            "id": "3egp3JXnN",
            "type": "RECTANGLE",
            "tags": [
                "walking"
            ],
            "boundingBox": {
                "height": 66.42020854844183,
                "width": 22.19482120838471,
                "left": 73.55117515629817,
                "top": 33.57979145155817
            },
            "points": [
                {
                    "x": 73.55117515629817,
                    "y": 33.57979145155817
                },
                {
                    "x": 95.74599636468288,
                    "y": 33.57979145155817
                },
                {
                    "x": 95.74599636468288,
                    "y": 100
                },
                {
                    "x": 73.55117515629817,
                    "y": 100
                }
            ]
        }
    ],
    "version": "2.2.0"
}