{
    "asset": {
        "format": "jpg",
        "id": "c4c9494027db29a8ad9dcb0a63de385a",
        "name": "084070303_thumb.jpg",
        "path": "file:C:/Users/mdhsi/OneDrive/Documents/CE%20258%20-%20Deep%20Learning/pedestrian-behavior-analysis/human-pose-dataset/084070303_thumb.jpg",
        "size": {
            "width": 150,
            "height": 100
        },
        "state": 2,
        "type": 1
    },
    "regions": [
        {
            "id": "GZMBE_3HE",
            "type": "RECTANGLE",
            "tags": [
                "standing"
            ],
            "boundingBox": {
                "height": 64.20209394585403,
                "width": 32.79901544498016,
                "left": 21.516647997384595,
                "top": 5.730129390018485
            },
            "points": [
                {
                    "x": 21.516647997384595,
                    "y": 5.730129390018485
                },
                {
                    "x": 54.31566344236475,
                    "y": 5.730129390018485
                },
                {
                    "x": 54.31566344236475,
                    "y": 69.93222333587252
                },
                {
                    "x": 21.516647997384595,
                    "y": 69.93222333587252
                }
            ]
        }
    ],
    "version": "2.2.0"
}