{
    "asset": {
        "format": "jpg",
        "id": "c4f838715f9349f46cd437ffe66a4143",
        "name": "004317374_thumb.jpg",
        "path": "file:C:/Users/mdhsi/OneDrive/Documents/CE%20258%20-%20Deep%20Learning/pedestrian-behavior-analysis/human-pose-dataset/004317374_thumb.jpg",
        "size": {
            "width": 150,
            "height": 100
        },
        "state": 2,
        "type": 1
    },
    "regions": [
        {
            "id": "q8TO0ak5R",
            "type": "RECTANGLE",
            "tags": [
                "walking"
            ],
            "boundingBox": {
                "height": 81.82378405784283,
                "width": 24.41430332922318,
                "left": 69.60543292665305,
                "top": 18.176215942157175
            },
            "points": [
                {
                    "x": 69.60543292665305,
                    "y": 18.176215942157175
                },
                {
                    "x": 94.01973625587624,
                    "y": 18.176215942157175
                },
                {
                    "x": 94.01973625587624,
                    "y": 100
                },
                {
                    "x": 69.60543292665305,
                    "y": 100
                }
            ]
        },
        {
            "id": "0n6ARQUxk",
            "type": "RECTANGLE",
            "tags": [
                "walking"
            ],
            "boundingBox": {
                "height": 78.49661215396112,
                "width": 23.304562268803945,
                "left": 31.011101173560807,
                "top": 21.503387846038876
            },
            "points": [
                {
                    "x": 31.011101173560807,
                    "y": 21.503387846038876
                },
                {
                    "x": 54.31566344236475,
                    "y": 21.503387846038876
                },
                {
                    "x": 54.31566344236475,
                    "y": 100
                },
                {
                    "x": 31.011101173560807,
                    "y": 100
                }
            ]
        },
        {
            "id": "Drps6VML_",
            "type": "RECTANGLE",
            "tags": [
                "walking"
            ],
            "boundingBox": {
                "height": 68.26863738393168,
                "width": 20.653512298546357,
                "left": 42.23181445854366,
                "top": 22.489218438619165
            },
            "points": [
                {
                    "x": 42.23181445854366,
                    "y": 22.489218438619165
                },
                {
                    "x": 62.88532675709001,
                    "y": 22.489218438619165
                },
                {
                    "x": 62.88532675709001,
                    "y": 90.75785582255085
                },
                {
                    "x": 42.23181445854366,
                    "y": 90.75785582255085
                }
            ]
        }
    ],
    "version": "2.2.0"
}