{
    "asset": {
        "format": "jpg",
        "id": "cb07fe2e0d3950866e6bf165f57ab34d",
        "name": "000933162_thumb.jpg",
        "path": "file:C:/Users/mdhsi/OneDrive/Documents/CE%20258%20-%20Deep%20Learning/pedestrian-behavior-analysis/human-pose-dataset/000933162_thumb.jpg",
        "size": {
            "width": 150,
            "height": 100
        },
        "state": 2,
        "type": 1
    },
    "regions": [
        {
            "id": "xl8gBDvHa",
            "type": "RECTANGLE",
            "tags": [
                "walking"
            ],
            "boundingBox": {
                "height": 36.10597846688713,
                "width": 15.4130721650788,
                "left": 28.91492173351283,
                "top": 38.508933132545344
            },
            "points": [
                {
                    "x": 28.91492173351283,
                    "y": 38.508933132545344
                },
                {
                    "x": 44.32799389859163,
                    "y": 38.508933132545344
                },
                {
                    "x": 44.32799389859163,
                    "y": 74.61491159943247
                },
                {
                    "x": 28.91492173351283,
                    "y": 74.61491159943247
                }
            ]
        },
        {
            "id": "PlWtuK8E6",
            "type": "RECTANGLE",
            "tags": [
                "walking"
            ],
            "boundingBox": {
                "height": 39.309918021098085,
                "width": 18.310727496917387,
                "left": 57.33662145499384,
                "top": 34.93530781123643
            },
            "points": [
                {
                    "x": 57.33662145499384,
                    "y": 34.93530781123643
                },
                {
                    "x": 75.64734895191123,
                    "y": 34.93530781123643
                },
                {
                    "x": 75.64734895191123,
                    "y": 74.24522583233451
                },
                {
                    "x": 57.33662145499384,
                    "y": 74.24522583233451
                }
            ]
        },
        {
            "id": "dg9h1J16C",
            "type": "RECTANGLE",
            "tags": [
                "walking"
            ],
            "boundingBox": {
                "height": 37.584721535279,
                "width": 12.330459989837006,
                "left": 45.067821272204455,
                "top": 37.03019006415348
            },
            "points": [
                {
                    "x": 45.067821272204455,
                    "y": 37.03019006415348
                },
                {
                    "x": 57.398281262041465,
                    "y": 37.03019006415348
                },
                {
                    "x": 57.398281262041465,
                    "y": 74.61491159943247
                },
                {
                    "x": 45.067821272204455,
                    "y": 74.61491159943247
                }
            ]
        },
        {
            "id": "LedEWhIJc",
            "type": "RECTANGLE",
            "tags": [
                "walking"
            ],
            "boundingBox": {
                "height": 35.428220287048006,
                "width": 13.440201050256242,
                "left": 77.12700369913686,
                "top": 37.76956159834941
            },
            "points": [
                {
                    "x": 77.12700369913686,
                    "y": 37.76956159834941
                },
                {
                    "x": 90.5672047493931,
                    "y": 37.76956159834941
                },
                {
                    "x": 90.5672047493931,
                    "y": 73.19778188539742
                },
                {
                    "x": 77.12700369913686,
                    "y": 73.19778188539742
                }
            ]
        }
    ],
    "version": "2.2.0"
}