{
    "asset": {
        "format": "jpg",
        "id": "cba115460e59d31c4c7f3d55e797878f",
        "name": "000637904_thumb.jpg",
        "path": "file:C:/Users/mdhsi/OneDrive/Documents/CE%20258%20-%20Deep%20Learning/pedestrian-behavior-analysis/human-pose-dataset/000637904_thumb.jpg",
        "size": {
            "width": 150,
            "height": 100
        },
        "state": 2,
        "type": 1
    },
    "regions": [
        {
            "id": "qWbz-ZNV0",
            "type": "RECTANGLE",
            "tags": [
                "running"
            ],
            "boundingBox": {
                "height": 94.14664390126791,
                "width": 49.32182867047819,
                "left": 57.89149198520345,
                "top": 4.744301617916763
            },
            "points": [
                {
                    "x": 57.89149198520345,
                    "y": 4.744301617916763
                },
                {
                    "x": 107.21332065568164,
                    "y": 4.744301617916763
                },
                {
                    "x": 107.21332065568164,
                    "y": 98.89094551918467
                },
                {
                    "x": 57.89149198520345,
                    "y": 98.89094551918467
                }
            ]
        }
    ],
    "version": "2.2.0"
}