{
    "asset": {
        "format": "jpg",
        "id": "cc1c760879587d6c214a25515903b5e7",
        "name": "005574085_thumb.jpg",
        "path": "file:C:/Users/mdhsi/OneDrive/Documents/CE%20258%20-%20Deep%20Learning/pedestrian-behavior-analysis/human-pose-dataset/005574085_thumb.jpg",
        "size": {
            "width": 150,
            "height": 100
        },
        "state": 2,
        "type": 1
    },
    "regions": [
        {
            "id": "KyfTJ4D3w",
            "type": "RECTANGLE",
            "tags": [
                "standing"
            ],
            "boundingBox": {
                "height": 61.491069687933226,
                "width": 22.19482120838471,
                "left": 113.25524796980964,
                "top": 25.200245517018544
            },
            "points": [
                {
                    "x": 113.25524796980964,
                    "y": 25.200245517018544
                },
                {
                    "x": 135.45006917819435,
                    "y": 25.200245517018544
                },
                {
                    "x": 135.45006917819435,
                    "y": 86.69131520495178
                },
                {
                    "x": 113.25524796980964,
                    "y": 86.69131520495178
                }
            ]
        },
        {
            "id": "wz2VflOCz",
            "type": "RECTANGLE",
            "tags": [
                "standing"
            ],
            "boundingBox": {
                "height": 51.13986820919017,
                "width": 15.474726327691497,
                "left": 63.255240443896426,
                "top": 27.418360119606344
            },
            "points": [
                {
                    "x": 63.255240443896426,
                    "y": 27.418360119606344
                },
                {
                    "x": 78.72996677158793,
                    "y": 27.418360119606344
                },
                {
                    "x": 78.72996677158793,
                    "y": 78.55822832879652
                },
                {
                    "x": 63.255240443896426,
                    "y": 78.55822832879652
                }
            ]
        },
        {
            "id": "tz5t7JpvP",
            "type": "RECTANGLE",
            "tags": [
                "standing"
            ],
            "boundingBox": {
                "height": 52.618611277582026,
                "width": 19.112209033142918,
                "left": 23.366216431416653,
                "top": 28.897103187998212
            },
            "points": [
                {
                    "x": 23.366216431416653,
                    "y": 28.897103187998212
                },
                {
                    "x": 42.47842546455957,
                    "y": 28.897103187998212
                },
                {
                    "x": 42.47842546455957,
                    "y": 81.51571446558023
                },
                {
                    "x": 23.366216431416653,
                    "y": 81.51571446558023
                }
            ]
        },
        {
            "id": "DkEdN7xHa",
            "type": "RECTANGLE",
            "tags": [
                "standing"
            ],
            "boundingBox": {
                "height": 40.54220767206273,
                "width": 13.07028736344983,
                "left": 53.20592238194551,
                "top": 31.484903557683978
            },
            "points": [
                {
                    "x": 53.20592238194551,
                    "y": 31.484903557683978
                },
                {
                    "x": 66.27620974539535,
                    "y": 31.484903557683978
                },
                {
                    "x": 66.27620974539535,
                    "y": 72.02711122974671
                },
                {
                    "x": 53.20592238194551,
                    "y": 72.02711122974671
                }
            ]
        }
    ],
    "version": "2.2.0"
}