{
    "asset": {
        "format": "jpg",
        "id": "cd9fd217ddc4e6f5b7bffba51b085fdd",
        "name": "079624361_thumb.jpg",
        "path": "file:C:/Users/mdhsi/OneDrive/Documents/CE%20258%20-%20Deep%20Learning/pedestrian-behavior-analysis/human-pose-dataset/079624361_thumb.jpg",
        "size": {
            "width": 150,
            "height": 100
        },
        "state": 2,
        "type": 1
    },
    "regions": [
        {
            "id": "r7H-cDOwd",
            "type": "RECTANGLE",
            "tags": [
                "sitting"
            ],
            "boundingBox": {
                "height": 87.43068391866913,
                "width": 113.44019352434302,
                "left": 36.559806475656984,
                "top": 12.56931608133087
            },
            "points": [
                {
                    "x": 36.559806475656984,
                    "y": 12.56931608133087
                },
                {
                    "x": 150,
                    "y": 12.56931608133087
                },
                {
                    "x": 150,
                    "y": 100
                },
                {
                    "x": 36.559806475656984,
                    "y": 100
                }
            ]
        }
    ],
    "version": "2.2.0"
}