{
    "asset": {
        "format": "jpg",
        "id": "ced43a3e96c59b354055332d7da1a3b0",
        "name": "000735304_thumb.jpg",
        "path": "file:C:/Users/mdhsi/OneDrive/Documents/CE%20258%20-%20Deep%20Learning/pedestrian-behavior-analysis/human-pose-dataset/000735304_thumb.jpg",
        "size": {
            "width": 150,
            "height": 100
        },
        "state": 2,
        "type": 1
    },
    "regions": [
        {
            "id": "dDL0TO1L5",
            "type": "RECTANGLE",
            "tags": [
                "standing"
            ],
            "boundingBox": {
                "height": 99.69192899749812,
                "width": 38.10111256327788,
                "left": 1.0480897200239867,
                "top": 0.3080710025018773
            },
            "points": [
                {
                    "x": 1.0480897200239867,
                    "y": 0.3080710025018773
                },
                {
                    "x": 39.14920228330187,
                    "y": 0.3080710025018773
                },
                {
                    "x": 39.14920228330187,
                    "y": 100
                },
                {
                    "x": 1.0480897200239867,
                    "y": 100
                }
            ]
        },
        {
            "id": "qT_Sqq0gu",
            "type": "RECTANGLE",
            "tags": [
                "standing"
            ],
            "boundingBox": {
                "height": 99.69192899749812,
                "width": 29.839700306093942,
                "left": 98.33539217232776,
                "top": 0.3080710025018773
            },
            "points": [
                {
                    "x": 98.33539217232776,
                    "y": 0.3080710025018773
                },
                {
                    "x": 128.1750924784217,
                    "y": 0.3080710025018773
                },
                {
                    "x": 128.1750924784217,
                    "y": 100
                },
                {
                    "x": 98.33539217232776,
                    "y": 100
                }
            ]
        }
    ],
    "version": "2.2.0"
}