{
    "asset": {
        "format": "jpg",
        "id": "d347fa7c236800b6fcc7485ee0d01085",
        "name": "043453096_thumb.jpg",
        "path": "file:C:/Users/mdhsi/OneDrive/Documents/CE%20258%20-%20Deep%20Learning/pedestrian-behavior-analysis/human-pose-dataset/043453096_thumb.jpg",
        "size": {
            "width": 150,
            "height": 100
        },
        "state": 2,
        "type": 1
    },
    "regions": [
        {
            "id": "prqbB68NH",
            "type": "RECTANGLE",
            "tags": [
                "standing"
            ],
            "boundingBox": {
                "height": 64.44855300423839,
                "width": 34.03205918618989,
                "left": 115.96794081381012,
                "top": 35.55144699576161
            },
            "points": [
                {
                    "x": 115.96794081381012,
                    "y": 35.55144699576161
                },
                {
                    "x": 150,
                    "y": 35.55144699576161
                },
                {
                    "x": 150,
                    "y": 100
                },
                {
                    "x": 115.96794081381012,
                    "y": 100
                }
            ]
        }
    ],
    "version": "2.2.0"
}