{
    "asset": {
        "format": "jpg",
        "id": "d46f64afb0a71c025050284ff5d5f0a4",
        "name": "019644132_thumb.jpg",
        "path": "file:C:/Users/mdhsi/OneDrive/Documents/CE%20258%20-%20Deep%20Learning/pedestrian-behavior-analysis/human-pose-dataset/019644132_thumb.jpg",
        "size": {
            "width": 150,
            "height": 100
        },
        "state": 2,
        "type": 1
    },
    "regions": [
        {
            "id": "oPPU5I1er",
            "type": "RECTANGLE",
            "tags": [
                "sitting"
            ],
            "boundingBox": {
                "height": 44.85521016852473,
                "width": 33.16892348735165,
                "left": 116.83107651264835,
                "top": 32.34750744155066
            },
            "points": [
                {
                    "x": 116.83107651264835,
                    "y": 32.34750744155066
                },
                {
                    "x": 150,
                    "y": 32.34750744155066
                },
                {
                    "x": 150,
                    "y": 77.20271761007538
                },
                {
                    "x": 116.83107651264835,
                    "y": 77.20271761007538
                }
            ]
        },
        {
            "id": "pri00C2E8",
            "type": "RECTANGLE",
            "tags": [
                "sitting"
            ],
            "boundingBox": {
                "height": 40.41898096334912,
                "width": 21.70161048522272,
                "left": 80.08631319358817,
                "top": 39.617990433839246
            },
            "points": [
                {
                    "x": 80.08631319358817,
                    "y": 39.617990433839246
                },
                {
                    "x": 101.78792367881088,
                    "y": 39.617990433839246
                },
                {
                    "x": 101.78792367881088,
                    "y": 80.03697139718837
                },
                {
                    "x": 80.08631319358817,
                    "y": 80.03697139718837
                }
            ]
        },
        {
            "id": "tvS76val9",
            "type": "RECTANGLE",
            "tags": [
                "sitting"
            ],
            "boundingBox": {
                "height": 39.67960942915319,
                "width": 24.784217016029594,
                "left": 100.18496060635982,
                "top": 34.442389694467714
            },
            "points": [
                {
                    "x": 100.18496060635982,
                    "y": 34.442389694467714
                },
                {
                    "x": 124.96917762238941,
                    "y": 34.442389694467714
                },
                {
                    "x": 124.96917762238941,
                    "y": 74.1219991236209
                },
                {
                    "x": 100.18496060635982,
                    "y": 74.1219991236209
                }
            ]
        }
    ],
    "version": "2.2.0"
}