{
    "asset": {
        "format": "jpg",
        "id": "d4951d9e65375712929181b7f166ef5b",
        "name": "013035313_thumb.jpg",
        "path": "file:C:/Users/mdhsi/OneDrive/Documents/CE%20258%20-%20Deep%20Learning/pedestrian-behavior-analysis/human-pose-dataset/013035313_thumb.jpg",
        "size": {
            "width": 150,
            "height": 100
        },
        "state": 2,
        "type": 1
    },
    "regions": [
        {
            "id": "iLvZ3A0bu",
            "type": "RECTANGLE",
            "tags": [
                "standing"
            ],
            "boundingBox": {
                "height": 95.25570684351895,
                "width": 38.34772639151125,
                "left": 69.72872996300863,
                "top": 0.800984888552738
            },
            "points": [
                {
                    "x": 69.72872996300863,
                    "y": 0.800984888552738
                },
                {
                    "x": 108.07645635451989,
                    "y": 0.800984888552738
                },
                {
                    "x": 108.07645635451989,
                    "y": 96.05669173207168
                },
                {
                    "x": 69.72872996300863,
                    "y": 96.05669173207168
                }
            ]
        }
    ],
    "version": "2.2.0"
}