{
    "asset": {
        "format": "jpg",
        "id": "d72156a199b67b23929e74d3f63425fd",
        "name": "030641545_thumb.jpg",
        "path": "file:C:/Users/mdhsi/OneDrive/Documents/CE%20258%20-%20Deep%20Learning/pedestrian-behavior-analysis/human-pose-dataset/030641545_thumb.jpg",
        "size": {
            "width": 150,
            "height": 100
        },
        "state": 2,
        "type": 1
    },
    "regions": [
        {
            "id": "S51dVr0ru",
            "type": "RECTANGLE",
            "tags": [
                "sitting"
            ],
            "boundingBox": {
                "height": 64.8182444122935,
                "width": 36.25154695146328,
                "left": 41.491987084930834,
                "top": 25.69316081330869
            },
            "points": [
                {
                    "x": 41.491987084930834,
                    "y": 25.69316081330869
                },
                {
                    "x": 77.74353403639411,
                    "y": 25.69316081330869
                },
                {
                    "x": 77.74353403639411,
                    "y": 90.51140522560219
                },
                {
                    "x": 41.491987084930834,
                    "y": 90.51140522560219
                }
            ]
        }
    ],
    "version": "2.2.0"
}