{
    "asset": {
        "format": "jpg",
        "id": "d77e413d46b2818015e51dac33a4751b",
        "name": "046155747_thumb.jpg",
        "path": "file:C:/Users/mdhsi/OneDrive/Documents/CE%20258%20-%20Deep%20Learning/pedestrian-behavior-analysis/human-pose-dataset/046155747_thumb.jpg",
        "size": {
            "width": 150,
            "height": 100
        },
        "state": 2,
        "type": 1
    },
    "regions": [
        {
            "id": "5Crz6esK0",
            "type": "RECTANGLE",
            "tags": [
                "sitting"
            ],
            "boundingBox": {
                "height": 52.618608457103456,
                "width": 23.181259588013447,
                "left": 50.73982925509113,
                "top": 47.381391542896544
            },
            "points": [
                {
                    "x": 50.73982925509113,
                    "y": 47.381391542896544
                },
                {
                    "x": 73.92108884310458,
                    "y": 47.381391542896544
                },
                {
                    "x": 73.92108884310458,
                    "y": 100
                },
                {
                    "x": 50.73982925509113,
                    "y": 100
                }
            ]
        }
    ],
    "version": "2.2.0"
}