{
    "asset": {
        "format": "jpg",
        "id": "d849141b4e3fc92c7a50eb25fffd132b",
        "name": "035347319_thumb.jpg",
        "path": "file:C:/Users/mdhsi/OneDrive/Documents/CE%20258%20-%20Deep%20Learning/pedestrian-behavior-analysis/human-pose-dataset/035347319_thumb.jpg",
        "size": {
            "width": 150,
            "height": 100
        },
        "state": 2,
        "type": 1
    },
    "regions": [
        {
            "id": "4jHSFInKS",
            "type": "RECTANGLE",
            "tags": [
                "standing"
            ],
            "boundingBox": {
                "height": 51.26309491790377,
                "width": 21.578290871127468,
                "left": 59.617763382879936,
                "top": 20.76401631184294
            },
            "points": [
                {
                    "x": 59.617763382879936,
                    "y": 20.76401631184294
                },
                {
                    "x": 81.1960542540074,
                    "y": 20.76401631184294
                },
                {
                    "x": 81.1960542540074,
                    "y": 72.02711122974671
                },
                {
                    "x": 59.617763382879936,
                    "y": 72.02711122974671
                }
            ]
        },
        {
            "id": "Ih5H34bSj",
            "type": "RECTANGLE",
            "tags": [
                "standing"
            ],
            "boundingBox": {
                "height": 67.03635619440273,
                "width": 27.003699136868065,
                "left": 8.446366278369682,
                "top": 14.10967250407954
            },
            "points": [
                {
                    "x": 8.446366278369682,
                    "y": 14.10967250407954
                },
                {
                    "x": 35.450065415237745,
                    "y": 14.10967250407954
                },
                {
                    "x": 35.450065415237745,
                    "y": 81.14602869848227
                },
                {
                    "x": 8.446366278369682,
                    "y": 81.14602869848227
                }
            ]
        }
    ],
    "version": "2.2.0"
}