{
    "asset": {
        "format": "jpg",
        "id": "db23996d28debedb1fa6c100d7e2ff1e",
        "name": "060375514_thumb.jpg",
        "path": "file:C:/Users/mdhsi/OneDrive/Documents/CE%20258%20-%20Deep%20Learning/pedestrian-behavior-analysis/human-pose-dataset/060375514_thumb.jpg",
        "size": {
            "width": 150,
            "height": 100
        },
        "state": 2,
        "type": 1
    },
    "regions": [
        {
            "id": "p-xSDl4q8",
            "type": "RECTANGLE",
            "tags": [
                "running"
            ],
            "boundingBox": {
                "height": 81.82378405784283,
                "width": 43.03329035033427,
                "left": 10.789151079998652,
                "top": 18.176215942157175
            },
            "points": [
                {
                    "x": 10.789151079998652,
                    "y": 18.176215942157175
                },
                {
                    "x": 53.82244143033292,
                    "y": 18.176215942157175
                },
                {
                    "x": 53.82244143033292,
                    "y": 100
                },
                {
                    "x": 10.789151079998652,
                    "y": 100
                }
            ]
        }
    ],
    "version": "2.2.0"
}