{
    "asset": {
        "format": "jpg",
        "id": "db3cf174b78085cfaee473cff546fe5d",
        "name": "016007163_thumb.jpg",
        "path": "file:C:/Users/mdhsi/OneDrive/Documents/CE%20258%20-%20Deep%20Learning/pedestrian-behavior-analysis/human-pose-dataset/016007163_thumb.jpg",
        "size": {
            "width": 150,
            "height": 100
        },
        "state": 2,
        "type": 1
    },
    "regions": [
        {
            "id": "qG9hnpNzY",
            "type": "RECTANGLE",
            "tags": [
                "walking"
            ],
            "boundingBox": {
                "height": 100,
                "width": 31.442663378545006,
                "left": 22.379778051787916,
                "top": 0
            },
            "points": [
                {
                    "x": 22.379778051787916,
                    "y": 0
                },
                {
                    "x": 53.82244143033292,
                    "y": 0
                },
                {
                    "x": 53.82244143033292,
                    "y": 100
                },
                {
                    "x": 22.379778051787916,
                    "y": 100
                }
            ]
        },
        {
            "id": "pyVjjlPBb",
            "type": "RECTANGLE",
            "tags": [
                "walking"
            ],
            "boundingBox": {
                "height": 45.84103229966931,
                "width": 18.803938220079377,
                "left": 65.16646868497611,
                "top": 41.95933738609779
            },
            "points": [
                {
                    "x": 65.16646868497611,
                    "y": 41.95933738609779
                },
                {
                    "x": 83.97040690505548,
                    "y": 41.95933738609779
                },
                {
                    "x": 83.97040690505548,
                    "y": 87.80036968576711
                },
                {
                    "x": 65.16646868497611,
                    "y": 87.80036968576711
                }
            ]
        },
        {
            "id": "S6OPdwBCw",
            "type": "RECTANGLE",
            "tags": [
                "walking"
            ],
            "boundingBox": {
                "height": 57.794206375996446,
                "width": 15.659677526659795,
                "left": 52.9593113759296,
                "top": 41.71287832771344
            },
            "points": [
                {
                    "x": 52.9593113759296,
                    "y": 41.71287832771344
                },
                {
                    "x": 68.6189889025894,
                    "y": 41.71287832771344
                },
                {
                    "x": 68.6189889025894,
                    "y": 99.50708470370988
                },
                {
                    "x": 52.9593113759296,
                    "y": 99.50708470370988
                }
            ]
        },
        {
            "id": "2hI_WZyl4",
            "type": "RECTANGLE",
            "tags": [
                "walking"
            ],
            "boundingBox": {
                "height": 30.80715101880199,
                "width": 12.577065351418003,
                "left": 78.85327509681335,
                "top": 44.423905406112816
            },
            "points": [
                {
                    "x": 78.85327509681335,
                    "y": 44.423905406112816
                },
                {
                    "x": 91.43034044823135,
                    "y": 44.423905406112816
                },
                {
                    "x": 91.43034044823135,
                    "y": 75.2310564249148
                },
                {
                    "x": 78.85327509681335,
                    "y": 75.2310564249148
                }
            ]
        },
        {
            "id": "LE231MkLf",
            "type": "RECTANGLE",
            "tags": [
                "walking"
            ],
            "boundingBox": {
                "height": 27.849659241061115,
                "width": 10.604188592160527,
                "left": 90.32059938781212,
                "top": 46.02588082417543
            },
            "points": [
                {
                    "x": 90.32059938781212,
                    "y": 46.02588082417543
                },
                {
                    "x": 100.92478797997265,
                    "y": 46.02588082417543
                },
                {
                    "x": 100.92478797997265,
                    "y": 73.87554006523655
                },
                {
                    "x": 90.32059938781212,
                    "y": 73.87554006523655
                }
            ]
        },
        {
            "id": "U89cs8jbT",
            "type": "RECTANGLE",
            "tags": [
                "walking"
            ],
            "boundingBox": {
                "height": 27.35674676524954,
                "width": 11.467324290998768,
                "left": 98.89026270253738,
                "top": 43.622923338038646
            },
            "points": [
                {
                    "x": 98.89026270253738,
                    "y": 43.622923338038646
                },
                {
                    "x": 110.35758699353615,
                    "y": 43.622923338038646
                },
                {
                    "x": 110.35758699353615,
                    "y": 70.9796701032882
                },
                {
                    "x": 98.89026270253738,
                    "y": 70.9796701032882
                }
            ]
        }
    ],
    "version": "2.2.0"
}