{
    "asset": {
        "format": "jpg",
        "id": "e4a494d0cd7ec276e98d75d87dbbaea8",
        "name": "026879762_thumb.jpg",
        "path": "file:C:/Users/mdhsi/OneDrive/Documents/CE%20258%20-%20Deep%20Learning/pedestrian-behavior-analysis/human-pose-dataset/026879762_thumb.jpg",
        "size": {
            "width": 150,
            "height": 100
        },
        "state": 2,
        "type": 1
    },
    "regions": [
        {
            "id": "JTaNpgTCD",
            "type": "RECTANGLE",
            "tags": [
                "standing"
            ],
            "boundingBox": {
                "height": 73.4442465847389,
                "width": 28.729959245674706,
                "left": 113.99507534342247,
                "top": 2.6494137240425717
            },
            "points": [
                {
                    "x": 113.99507534342247,
                    "y": 2.6494137240425717
                },
                {
                    "x": 142.7250345890972,
                    "y": 2.6494137240425717
                },
                {
                    "x": 142.7250345890972,
                    "y": 76.09366030878148
                },
                {
                    "x": 113.99507534342247,
                    "y": 76.09366030878148
                }
            ]
        },
        {
            "id": "zi7vq45bq",
            "type": "RECTANGLE",
            "tags": [
                "standing"
            ],
            "boundingBox": {
                "height": 65.1879273589129,
                "width": 15.536374845869297,
                "left": 87.11467324290999,
                "top": 12.630929435687676
            },
            "points": [
                {
                    "x": 87.11467324290999,
                    "y": 12.630929435687676
                },
                {
                    "x": 102.65104808877929,
                    "y": 12.630929435687676
                },
                {
                    "x": 102.65104808877929,
                    "y": 77.81885679460058
                },
                {
                    "x": 87.11467324290999,
                    "y": 77.81885679460058
                }
            ]
        }
    ],
    "version": "2.2.0"
}