{
    "asset": {
        "format": "jpg",
        "id": "e8a3c1361315598f2102e543e6e53dc8",
        "name": "055872341_thumb.jpg",
        "path": "file:C:/Users/mdhsi/OneDrive/Documents/CE%20258%20-%20Deep%20Learning/pedestrian-behavior-analysis/human-pose-dataset/055872341_thumb.jpg",
        "size": {
            "width": 150,
            "height": 100
        },
        "state": 2,
        "type": 1
    },
    "regions": [
        {
            "id": "UQ6hc_0Vb",
            "type": "RECTANGLE",
            "tags": [
                "sitting"
            ],
            "boundingBox": {
                "height": 94.02341437207573,
                "width": 56.72010240660643,
                "left": 55.425404502783984,
                "top": 5.976585627924273
            },
            "points": [
                {
                    "x": 55.425404502783984,
                    "y": 5.976585627924273
                },
                {
                    "x": 112.14550690939042,
                    "y": 5.976585627924273
                },
                {
                    "x": 112.14550690939042,
                    "y": 100
                },
                {
                    "x": 55.425404502783984,
                    "y": 100
                }
            ]
        }
    ],
    "version": "2.2.0"
}