{
    "asset": {
        "format": "jpg",
        "id": "efc80645a54428e227bdbb37e443e48c",
        "name": "060981276_thumb.jpg",
        "path": "file:C:/Users/mdhsi/OneDrive/Documents/CE%20258%20-%20Deep%20Learning/pedestrian-behavior-analysis/human-pose-dataset/060981276_thumb.jpg",
        "size": {
            "width": 150,
            "height": 100
        },
        "state": 2,
        "type": 1
    },
    "regions": [
        {
            "id": "1luIFDBHK",
            "type": "RECTANGLE",
            "tags": [
                "standing"
            ],
            "boundingBox": {
                "height": 75.41589648798522,
                "width": 25.770649751223413,
                "left": 78.85327509681335,
                "top": 24.58410351201479
            },
            "points": [
                {
                    "x": 78.85327509681335,
                    "y": 24.58410351201479
                },
                {
                    "x": 104.62392484803676,
                    "y": 24.58410351201479
                },
                {
                    "x": 104.62392484803676,
                    "y": 100
                },
                {
                    "x": 78.85327509681335,
                    "y": 100
                }
            ]
        }
    ],
    "version": "2.2.0"
}