{
    "asset": {
        "format": "jpg",
        "id": "f17a5b4683f9c2426b3af51f7fafc007",
        "name": "031171108_thumb.jpg",
        "path": "file:C:/Users/mdhsi/OneDrive/Documents/CE%20258%20-%20Deep%20Learning/pedestrian-behavior-analysis/human-pose-dataset/031171108_thumb.jpg",
        "size": {
            "width": 150,
            "height": 100
        },
        "state": 2,
        "type": 1
    },
    "regions": [
        {
            "id": "jf-WwqxiO",
            "type": "RECTANGLE",
            "tags": [
                "sitting"
            ],
            "boundingBox": {
                "height": 89.21749939980216,
                "width": 67.32429099876695,
                "left": 82.67570900123305,
                "top": 10.78250060019784
            },
            "points": [
                {
                    "x": 82.67570900123305,
                    "y": 10.78250060019784
                },
                {
                    "x": 150,
                    "y": 10.78250060019784
                },
                {
                    "x": 150,
                    "y": 100
                },
                {
                    "x": 82.67570900123305,
                    "y": 100
                }
            ]
        },
        {
            "id": "rnI_LDU09",
            "type": "RECTANGLE",
            "tags": [
                "sitting"
            ],
            "boundingBox": {
                "height": 83.79544242252484,
                "width": 46.60912453760789,
                "left": 55.67200986436498,
                "top": 15.834874630855765
            },
            "points": [
                {
                    "x": 55.67200986436498,
                    "y": 15.834874630855765
                },
                {
                    "x": 102.28113440197288,
                    "y": 15.834874630855765
                },
                {
                    "x": 102.28113440197288,
                    "y": 99.63031705338061
                },
                {
                    "x": 55.67200986436498,
                    "y": 99.63031705338061
                }
            ]
        }
    ],
    "version": "2.2.0"
}