{
    "asset": {
        "format": "jpg",
        "id": "f25aa074b0ad288b582d8c620914aa4f",
        "name": "024667886_thumb.jpg",
        "path": "file:C:/Users/mdhsi/OneDrive/Documents/CE%20258%20-%20Deep%20Learning/pedestrian-behavior-analysis/human-pose-dataset/024667886_thumb.jpg",
        "size": {
            "width": 150,
            "height": 100
        },
        "state": 2,
        "type": 1
    },
    "regions": [
        {
            "id": "RRTA8E_E5",
            "type": "RECTANGLE",
            "tags": [
                "walking"
            ],
            "boundingBox": {
                "height": 99.19901511144727,
                "width": 57.33662145499384,
                "left": 57.644886623622455,
                "top": 0.800984888552738
            },
            "points": [
                {
                    "x": 57.644886623622455,
                    "y": 0.800984888552738
                },
                {
                    "x": 114.9815080786163,
                    "y": 0.800984888552738
                },
                {
                    "x": 114.9815080786163,
                    "y": 100
                },
                {
                    "x": 57.644886623622455,
                    "y": 100
                }
            ]
        },
        {
            "id": "-Y6rBGpKk",
            "type": "RECTANGLE",
            "tags": [
                "walking"
            ],
            "boundingBox": {
                "height": 43.13001368270564,
                "width": 17.63255993035219,
                "left": 55.30209617755857,
                "top": 48.490448844190446
            },
            "points": [
                {
                    "x": 55.30209617755857,
                    "y": 48.490448844190446
                },
                {
                    "x": 72.93465610791075,
                    "y": 48.490448844190446
                },
                {
                    "x": 72.93465610791075,
                    "y": 91.62046252689609
                },
                {
                    "x": 55.30209617755857,
                    "y": 91.62046252689609
                }
            ]
        },
        {
            "id": "T_fCoNSur",
            "type": "RECTANGLE",
            "tags": [
                "walking"
            ],
            "boundingBox": {
                "height": 38.940232254000115,
                "width": 19.112209033142918,
                "left": 38.53267759047954,
                "top": 55.02156594324024
            },
            "points": [
                {
                    "x": 38.53267759047954,
                    "y": 55.02156594324024
                },
                {
                    "x": 57.644886623622455,
                    "y": 55.02156594324024
                },
                {
                    "x": 57.644886623622455,
                    "y": 93.96179819724036
                },
                {
                    "x": 38.53267759047954,
                    "y": 93.96179819724036
                }
            ]
        },
        {
            "id": "gKXhjGBSa",
            "type": "RECTANGLE",
            "tags": [
                "walking"
            ],
            "boundingBox": {
                "height": 93.77695531369137,
                "width": 37.85449309060959,
                "left": 112.14550690939042,
                "top": 6.22304468630863
            },
            "points": [
                {
                    "x": 112.14550690939042,
                    "y": 6.22304468630863
                },
                {
                    "x": 150,
                    "y": 6.22304468630863
                },
                {
                    "x": 150,
                    "y": 100
                },
                {
                    "x": 112.14550690939042,
                    "y": 100
                }
            ]
        }
    ],
    "version": "2.2.0"
}