{
    "asset": {
        "format": "jpg",
        "id": "f351df5a1b77ed18b196be3971ba2e6a",
        "name": "054223721_thumb.jpg",
        "path": "file:C:/Users/mdhsi/OneDrive/Documents/CE%20258%20-%20Deep%20Learning/pedestrian-behavior-analysis/human-pose-dataset/054223721_thumb.jpg",
        "size": {
            "width": 150,
            "height": 100
        },
        "state": 2,
        "type": 1
    },
    "regions": [
        {
            "id": "7S6JI048U",
            "type": "RECTANGLE",
            "tags": [
                "walking"
            ],
            "boundingBox": {
                "height": 34.873694456879626,
                "width": 15.04315283383747,
                "left": 78.36005308478153,
                "top": 43.684533871916884
            },
            "points": [
                {
                    "x": 78.36005308478153,
                    "y": 43.684533871916884
                },
                {
                    "x": 93.403205918619,
                    "y": 43.684533871916884
                },
                {
                    "x": 93.403205918619,
                    "y": 78.5582283287965
                },
                {
                    "x": 78.36005308478153,
                    "y": 78.5582283287965
                }
            ]
        },
        {
            "id": "Z1iWlDjxC",
            "type": "RECTANGLE",
            "tags": [
                "walking"
            ],
            "boundingBox": {
                "height": 38.69377319561576,
                "width": 18.98890635235242,
                "left": 35.69667077681874,
                "top": 41.95933738609779
            },
            "points": [
                {
                    "x": 35.69667077681874,
                    "y": 41.95933738609779
                },
                {
                    "x": 54.685577129171165,
                    "y": 41.95933738609779
                },
                {
                    "x": 54.685577129171165,
                    "y": 80.65311058171355
                },
                {
                    "x": 35.69667077681874,
                    "y": 80.65311058171355
                }
            ]
        },
        {
            "id": "Bw2-WGyFa",
            "type": "RECTANGLE",
            "tags": [
                "walking"
            ],
            "boundingBox": {
                "height": 23.166976618458296,
                "width": 11.7139409414496,
                "left": 63.44019728729963,
                "top": 47.381391542896544
            },
            "points": [
                {
                    "x": 63.44019728729963,
                    "y": 47.381391542896544
                },
                {
                    "x": 75.15413822874923,
                    "y": 47.381391542896544
                },
                {
                    "x": 75.15413822874923,
                    "y": 70.54836816135484
                },
                {
                    "x": 63.44019728729963,
                    "y": 70.54836816135484
                }
            ]
        },
        {
            "id": "dDexZe63g",
            "type": "RECTANGLE",
            "tags": [
                "walking"
            ],
            "boundingBox": {
                "height": 63.95563770794825,
                "width": 36.43649815043157,
                "left": 0,
                "top": 34.195936277040495
            },
            "points": [
                {
                    "x": 0,
                    "y": 34.195936277040495
                },
                {
                    "x": 36.43649815043157,
                    "y": 34.195936277040495
                },
                {
                    "x": 36.43649815043157,
                    "y": 98.15157398498874
                },
                {
                    "x": 0,
                    "y": 98.15157398498874
                }
            ]
        },
        {
            "id": "W6naBoonZ",
            "type": "RECTANGLE",
            "tags": [
                "walking"
            ],
            "boundingBox": {
                "height": 19.593345656192238,
                "width": 7.151657085677405,
                "left": 54.069058080783755,
                "top": 47.381391542896544
            },
            "points": [
                {
                    "x": 54.069058080783755,
                    "y": 47.381391542896544
                },
                {
                    "x": 61.22071516646116,
                    "y": 47.381391542896544
                },
                {
                    "x": 61.22071516646116,
                    "y": 66.97473719908878
                },
                {
                    "x": 54.069058080783755,
                    "y": 66.97473719908878
                }
            ]
        }
    ],
    "version": "2.2.0"
}