{
    "asset": {
        "format": "jpg",
        "id": "fc75635f9903c68390b0046e892ff127",
        "name": "092443009_thumb.jpg",
        "path": "file:C:/Users/mdhsi/OneDrive/Documents/CE%20258%20-%20Deep%20Learning/pedestrian-behavior-analysis/human-pose-dataset/092443009_thumb.jpg",
        "size": {
            "width": 150,
            "height": 100
        },
        "state": 2,
        "type": 1
    },
    "regions": [
        {
            "id": "wz7qZc7MU",
            "type": "RECTANGLE",
            "tags": [
                "sitting"
            ],
            "boundingBox": {
                "height": 46.826865712728164,
                "width": 34.648589523447136,
                "left": 57.52157829839704,
                "top": 26.67898858541041
            },
            "points": [
                {
                    "x": 57.52157829839704,
                    "y": 26.67898858541041
                },
                {
                    "x": 92.17016782184417,
                    "y": 26.67898858541041
                },
                {
                    "x": 92.17016782184417,
                    "y": 73.50585429813857
                },
                {
                    "x": 57.52157829839704,
                    "y": 73.50585429813857
                }
            ]
        }
    ],
    "version": "2.2.0"
}